year,month,state,latitude,longitude,firespots
1999,1,AMAZONAS,-2.371113333,-59.89993333,3
1999,1,MARANHAO,-2.257394722,-45.48783056,36
1999,1,MATO GROSSO,-12.66063333,-55.05798889,18
1999,1,PARA,-2.47482046,-48.54696667,87
1999,1,RONDONIA,-12.8617,-60.5131,1
1999,1,RORAIMA,3.403224667,-60.62285333,15
1999,2,AMAPA,-0.155,-52.6831,1
1999,2,AMAZONAS,-2.763166977,-63.4297814,43
1999,2,MATO GROSSO,-12.6199875,-55.3753625,8
1999,2,PARA,-2.150617439,-53.50991053,285
1999,2,RONDONIA,-9.875,-62.5617,1
1999,2,RORAIMA,2.2562095,-61.07694,20
1999,3,AMAPA,1.138335,-50.46155,2
1999,3,AMAZONAS,-4.104805714,-66.10141429,7
1999,3,MARANHAO,-3.504865,-45.6928,4
1999,3,MATO GROSSO,-12.31615,-55.9678,4
1999,3,PARA,-5.088771429,-52.33334286,7
1999,3,RONDONIA,-12.7341125,-62.1526625,8
1999,3,RORAIMA,2.176589694,-60.68420714,98
1999,4,AMAZONAS,-3.73306,-63.64585,2
1999,4,MATO GROSSO,-12.03289767,-55.73237907,43
1999,4,PARA,-6.392086667,-52.28401667,6
1999,4,RONDONIA,-9.228073333,-63.23326667,3
1999,4,RORAIMA,2.72363125,-60.91374375,16
1999,5,MATO GROSSO,-12.39225714,-55.33517438,441
1999,5,PARA,-5.5206975,-51.333575,4
1999,5,RONDONIA,-11.66263333,-62.5489,3
1999,5,TOCANTINS,-7.02806,-49.1731,1
1999,6,AMAPA,0.399165,-52.46905,2
1999,6,AMAZONAS,-2.087541429,-64.48292857,7
1999,6,MARANHAO,-4.91306,-46.9517,1
1999,6,MATO GROSSO,-12.03594696,-55.35371788,1376
1999,6,PARA,-4.939236486,-49.51912973,37
1999,6,RONDONIA,-12.19663,-60.82178,10
1999,6,RORAIMA,1.24602,-60.3689,3
1999,6,TOCANTINS,-7.751576667,-49.14326667,3
1999,7,ACRE,-8.17,-72.59,1
1999,7,AMAZONAS,-6.943260909,-60.50082727,11
1999,7,MARANHAO,-4.601959545,-46.97330682,44
1999,7,MATO GROSSO,-11.62606783,-56.15779151,2473
1999,7,PARA,-6.464225041,-51.78840723,982
1999,7,RONDONIA,-11.2395537,-61.90890889,135
1999,7,RORAIMA,3.2032675,-60.920725,4
1999,7,TOCANTINS,-7.094614,-48.325108,25
1999,8,ACRE,-9.864001045,-67.91173881,67
1999,8,AMAZONAS,-7.310984039,-60.86655176,255
1999,8,MARANHAO,-4.489339194,-46.71342473,186
1999,8,MATO GROSSO,-11.35881312,-56.22812869,12707
1999,8,PARA,-7.077541819,-51.44166341,6179
1999,8,RONDONIA,-11.32899731,-62.24768396,1976
1999,8,RORAIMA,2.975,-61.1131,1
1999,8,TOCANTINS,-7.385336299,-48.68846494,154
1999,9,ACRE,-9.82926934,-68.23080519,212
1999,9,AMAPA,0.6145175,-51.110725,4
1999,9,AMAZONAS,-8.000526729,-64.04518925,214
1999,9,MARANHAO,-4.309715067,-46.40407333,375
1999,9,MATO GROSSO,-11.95858206,-56.09423464,7357
1999,9,PARA,-6.513025268,-50.22555895,4417
1999,9,RONDONIA,-11.38076988,-62.43536433,3059
1999,9,RORAIMA,3.76991,-60.4866,3
1999,9,TOCANTINS,-7.159755785,-48.58486602,465
1999,10,ACRE,-9.577297937,-68.86785873,63
1999,10,AMAPA,1.0229136,-51.242004,25
1999,10,AMAZONAS,-3.839571324,-61.11246366,476
1999,10,MARANHAO,-4.493400871,-46.53390871,1446
1999,10,MATO GROSSO,-12.02176788,-56.22077766,3648
1999,10,PARA,-4.338486914,-50.86212784,5026
1999,10,RONDONIA,-10.65539205,-62.66326109,1884
1999,10,RORAIMA,2.373279,-60.29556,10
1999,10,TOCANTINS,-6.689083148,-48.57327593,216
1999,11,ACRE,-8.199865,-70.143225,4
1999,11,AMAPA,1.456496923,-51.4957,26
1999,11,AMAZONAS,-3.299139286,-62.19070357,28
1999,11,MARANHAO,-3.682476226,-46.13804946,1203
1999,11,MATO GROSSO,-12.29973366,-57.8371764,445
1999,11,PARA,-3.077970623,-49.79442938,2682
1999,11,RONDONIA,-11.91357488,-62.00881707,41
1999,11,RORAIMA,1.921242667,-59.94434,15
1999,11,TOCANTINS,-6.024224,-48.22436,5
1999,12,AMAPA,0.474586829,-51.43989268,41
1999,12,AMAZONAS,-2.80653,-61.3717,2
1999,12,MARANHAO,-2.577119798,-45.66161427,841
1999,12,MATO GROSSO,-13.99335556,-58.67888889,18
1999,12,PARA,-2.746780144,-49.79739791,766
1999,12,RORAIMA,1.924723429,-60.12523714,35
2000,1,AMAPA,-0.935,-52.2642,2
2000,1,AMAZONAS,-4.956312857,-63.95565714,7
2000,1,MARANHAO,-3.577159412,-46.40108824,17
2000,1,MATO GROSSO,-13.4545,-56.93849231,13
2000,1,PARA,-2.555224333,-48.85874333,30
2000,1,RORAIMA,3.653043333,-60.19976111,18
2000,2,AMAZONAS,-3.015598226,-62.39670161,62
2000,2,MARANHAO,-3.00991,-45.85723333,3
2000,2,MATO GROSSO,-12.554244,-55.226516,25
2000,2,PARA,-3.431056207,-52.68953448,29
2000,2,RONDONIA,-12.21855,-61.69766667,6
2000,2,RORAIMA,2.786532632,-60.68671228,57
2000,3,ACRE,-9.445561818,-71.24003636,11
2000,3,AMAZONAS,-3.114922029,-62.91103188,69
2000,3,MATO GROSSO,-12.22753,-54.32358,10
2000,3,PARA,-3.691694972,-51.40436409,181
2000,3,RONDONIA,-11.24587778,-63.82321111,9
2000,3,RORAIMA,2.5943224,-60.654584,125
2000,4,ACRE,-8.46306,-70.325,1
2000,4,AMAZONAS,-2.530095,-62.54666667,18
2000,4,MARANHAO,-2.99653,-45.71835,2
2000,4,MATO GROSSO,-12.53629903,-55.38387742,31
2000,4,PARA,-4.60373175,-51.906175,40
2000,5,ACRE,-8.17167,-70.95667,1
2000,5,AMAZONAS,-6.165653922,-63.00042451,51
2000,5,MATO GROSSO,-12.05362689,-55.52224395,840
2000,5,PARA,-4.784305833,-53.155695,12
2000,5,RONDONIA,-12.04588867,-60.88866667,15
2000,5,RORAIMA,3.172144286,-60.98714143,7
2000,5,TOCANTINS,-6.799165,-48.4383325,4
2000,6,ACRE,-10.115,-67.6731,1
2000,6,AMAZONAS,-2.804076667,-66.74076667,6
2000,6,MARANHAO,-4.729922258,-47.11844839,31
2000,6,MATO GROSSO,-11.85019104,-55.49258727,3049
2000,6,PARA,-7.712625085,-50.59182542,59
2000,6,RONDONIA,-11.33408852,-61.50767037,54
2000,6,TOCANTINS,-8.437855455,-48.69616364,11
2000,7,ACRE,-9.66667,-68.215,1
2000,7,AMAZONAS,-7.554767436,-62.82752051,39
2000,7,MARANHAO,-4.551391042,-47.01413125,48
2000,7,MATO GROSSO,-11.6074084,-55.80090987,851
2000,7,PARA,-7.232115986,-52.41538263,426
2000,7,RONDONIA,-10.70131808,-62.641965,120
2000,7,TOCANTINS,-7.2365692,-48.403972,25
2000,8,ACRE,-10.03220949,-67.85371029,136
2000,8,AMAPA,0.65213,-51.1889,3
2000,8,AMAZONAS,-6.525017889,-62.29147389,180
2000,8,MARANHAO,-4.584986643,-46.73302071,140
2000,8,MATO GROSSO,-10.92206133,-55.62020417,4366
2000,8,PARA,-7.340766296,-51.16272892,5484
2000,8,RONDONIA,-11.31108816,-62.34729245,2200
2000,8,RORAIMA,2.842317778,-61.07844444,9
2000,8,TOCANTINS,-7.640192857,-48.67955165,273
2000,9,ACRE,-9.722744828,-68.17836858,261
2000,9,AMAPA,0.384971579,-51.26315789,19
2000,9,AMAZONAS,-8.03304399,-66.62310881,193
2000,9,MARANHAO,-4.146464431,-46.48157725,255
2000,9,MATO GROSSO,-11.40849235,-55.47231551,3901
2000,9,PARA,-6.322753861,-50.30744484,2569
2000,9,RONDONIA,-11.05860348,-62.5114347,2440
2000,9,RORAIMA,2.961369167,-60.637875,12
2000,9,TOCANTINS,-7.552127063,-48.73609927,412
2000,10,ACRE,-10.00279333,-68.89025,18
2000,10,AMAPA,0.793162619,-51.31280238,42
2000,10,AMAZONAS,-5.591062069,-62.45796414,145
2000,10,MARANHAO,-4.461649608,-46.57341101,1072
2000,10,MATO GROSSO,-12.31972065,-56.19051396,3898
2000,10,PARA,-4.017599677,-50.1586613,4308
2000,10,RONDONIA,-10.88792136,-62.70694431,641
2000,10,RORAIMA,3.2483464,-60.69302,25
2000,10,TOCANTINS,-6.478072338,-48.53807403,77
2000,11,AMAPA,1.221863121,-51.25116943,157
2000,11,AMAZONAS,-4.452965185,-59.89807037,27
2000,11,MARANHAO,-3.500647508,-45.98202939,1657
2000,11,MATO GROSSO,-13.48218828,-57.0028588,233
2000,11,PARA,-3.250652629,-49.97659973,3366
2000,11,RONDONIA,-12.06726154,-63.00481538,13
2000,11,RORAIMA,1.913040625,-60.01639063,32
2000,11,TOCANTINS,-6.231993333,-48.59115833,12
2000,12,AMAPA,0.389528333,-51.0966,30
2000,12,AMAZONAS,-2.582034833,-58.26780333,60
2000,12,MARANHAO,-2.812511082,-45.79205302,1275
2000,12,MATO GROSSO,-14.431908,-57.462828,25
2000,12,PARA,-2.58057046,-49.70534673,1697
2000,12,RONDONIA,-11.05351429,-62.62022857,7
2000,12,RORAIMA,1.407522468,-60.07403636,77
2000,12,TOCANTINS,-6.525835,-48.33155,4
2001,1,AMAZONAS,-2.807223333,-59.73666667,3
2001,1,MARANHAO,-3.661666,-45.70249,10
2001,1,MATO GROSSO,-13.88304118,-56.74695294,17
2001,1,PARA,-3.574264706,-49.60092941,34
2001,1,RORAIMA,2.96513198,-60.77473762,101
2001,2,AMAZONAS,-2.993125,-63.1349875,8
2001,2,MATO GROSSO,-12.43827407,-55.70925556,27
2001,2,PARA,-5.603646875,-49.98280625,16
2001,2,RONDONIA,-10.867515,-64.75665,2
2001,2,RORAIMA,2.10732726,-60.78434427,646
2001,3,AMAZONAS,-3.335831667,-62.3875,6
2001,3,MATO GROSSO,-13.96159048,-57.18468095,21
2001,3,RORAIMA,2.603239874,-61.01248528,1107
2001,4,AMAZONAS,-4.825,-65.1783,1
2001,4,MARANHAO,-3.34333,-45.5133,1
2001,4,MATO GROSSO,-12.42914979,-55.08334511,235
2001,4,RORAIMA,2.755210684,-60.98939316,380
2001,5,MARANHAO,-3.24833,-46.1483,1
2001,5,MATO GROSSO,-12.23214833,-55.24390123,893
2001,5,PARA,-6.531904286,-50.6331,7
2001,5,RONDONIA,-11.120328,-61.54234,5
2001,5,RORAIMA,3.628888889,-61.31203333,9
2001,5,TOCANTINS,-7.61667,-48.4733,1
2001,6,ACRE,-7.57833,-72.95,1
2001,6,AMAZONAS,-8.349666,-63.99034,5
2001,6,MARANHAO,-4.484996667,-47.23556667,3
2001,6,MATO GROSSO,-11.90229511,-55.75827099,4137
2001,6,PARA,-7.173292619,-50.26122857,42
2001,6,RONDONIA,-10.94343903,-62.45957419,31
2001,6,RORAIMA,2.42667,-60.04,1
2001,6,TOCANTINS,-7.712858571,-48.65834286,7
2001,7,ACRE,-10.15276667,-67.6761,3
2001,7,AMAPA,2.43167,-51.27,1
2001,7,AMAZONAS,-7.122036667,-61.61462222,9
2001,7,MARANHAO,-4.573788182,-47.02147273,77
2001,7,MATO GROSSO,-11.62473725,-55.89167407,918
2001,7,PARA,-6.666403385,-52.04361213,709
2001,7,RONDONIA,-11.20608419,-62.32826351,74
2001,7,RORAIMA,3.3,-60.8633,1
2001,7,TOCANTINS,-7.5825,-48.51882917,24
2001,8,ACRE,-9.841483308,-68.20941003,399
2001,8,AMAPA,1.0625,-50.98818333,12
2001,8,AMAZONAS,-7.077374729,-62.59485611,499
2001,8,MARANHAO,-4.431957139,-46.7274218,367
2001,8,MATO GROSSO,-11.09944305,-56.64784249,4997
2001,8,PARA,-6.88212859,-51.23895518,9042
2001,8,RONDONIA,-10.68889855,-63.03440442,2132
2001,8,RORAIMA,3.35,-59.918325,4
2001,8,TOCANTINS,-6.829001542,-48.5416,227
2001,9,ACRE,-9.923437188,-67.81200833,288
2001,9,AMAPA,1.277824316,-50.86905789,95
2001,9,AMAZONAS,-7.136031607,-64.05108155,168
2001,9,MARANHAO,-4.234080798,-46.33464643,952
2001,9,MATO GROSSO,-11.60413854,-55.97380886,5020
2001,9,PARA,-5.863211141,-50.06984612,6136
2001,9,RONDONIA,-11.35038416,-62.80890202,1929
2001,9,RORAIMA,4.125,-60.6633,1
2001,9,TOCANTINS,-7.077039212,-48.55461406,939
2001,10,ACRE,-9.997675693,-68.04726496,137
2001,10,AMAPA,1.362633212,-51.00619119,193
2001,10,AMAZONAS,-4.043815241,-59.94740422,332
2001,10,MARANHAO,-4.133627336,-46.1404516,3254
2001,10,MATO GROSSO,-12.68470536,-56.51102751,4300
2001,10,PARA,-3.727703526,-50.31913224,5102
2001,10,RONDONIA,-10.90821714,-62.97818078,796
2001,10,RORAIMA,1.676666923,-60.20128462,13
2001,10,TOCANTINS,-6.417990242,-48.4860103,165
2001,11,ACRE,-7.78,-72.36,1
2001,11,AMAPA,1.127196108,-51.03758596,406
2001,11,AMAZONAS,-2.449651967,-60.91992951,244
2001,11,MARANHAO,-3.593864974,-45.99504272,2348
2001,11,MATO GROSSO,-14.30640356,-57.78085673,208
2001,11,PARA,-3.074655235,-50.63098252,4936
2001,11,RONDONIA,-10.97760522,-63.24724641,92
2001,11,RORAIMA,2.223048421,-60.39996053,76
2001,11,TOCANTINS,-6.445190571,-48.50680286,35
2001,12,AMAPA,1.17107371,-50.70156847,593
2001,12,AMAZONAS,-3.085227727,-58.04939091,22
2001,12,MARANHAO,-2.845481315,-45.91014151,966
2001,12,MATO GROSSO,-12.89537864,-56.43415909,22
2001,12,PARA,-2.29291643,-50.12971863,2566
2001,12,RONDONIA,-9.69833,-62.8183,1
2001,12,RORAIMA,1.701096579,-60.08412368,76
2001,12,TOCANTINS,-5.8505,-48.34884,10
2002,1,AMAPA,0.862141429,-50.75738571,7
2002,1,AMAZONAS,-4.072647059,-62.48705882,17
2002,1,MARANHAO,-3.428635909,-46.54787727,22
2002,1,MATO GROSSO,-14.06157333,-57.49135222,90
2002,1,PARA,-2.861956319,-51.52365556,144
2002,1,RONDONIA,-11.51777167,-61.64138333,6
2002,1,RORAIMA,2.66543043,-60.41371391,302
2002,1,TOCANTINS,-6.444165,-48.55335,2
2002,2,ACRE,-8.6,-69.7767,1
2002,2,AMAPA,-0.185,-51.5242,2
2002,2,AMAZONAS,-0.379165,-62.93835,2
2002,2,MARANHAO,-4.194325952,-46.8546881,42
2002,2,MATO GROSSO,-12.42578467,-54.11889333,15
2002,2,PARA,-4.099596833,-49.15441333,120
2002,2,RONDONIA,-9.6316625,-63.81355,8
2002,2,RORAIMA,2.030462227,-60.49896912,476
2002,2,TOCANTINS,-6.89167,-48.9967,1
2002,3,AMAZONAS,-2.018,-60.12466,5
2002,3,MARANHAO,-3.684165,-45.68415,2
2002,3,MATO GROSSO,-12.90433897,-55.46306897,58
2002,3,PARA,-5.425715,-50.4925,14
2002,3,RONDONIA,-10.1667,-64.955,1
2002,3,RORAIMA,2.517665934,-60.88667424,819
2002,3,TOCANTINS,-6.783335,-48.4625,2
2002,4,AMAZONAS,-3.05833,-63.65833,2
2002,4,MARANHAO,-3.440475714,-45.28738143,7
2002,4,MATO GROSSO,-12.50180824,-55.38212135,341
2002,4,PARA,-8.166819091,-49.72363636,11
2002,4,RONDONIA,-10.33389,-62.27888667,3
2002,4,RORAIMA,3.043902683,-61.02821171,41
2002,5,AMAPA,2.776666667,-51.73888667,3
2002,5,AMAZONAS,-5.85104,-64.30541625,8
2002,5,MARANHAO,-4.04145875,-46.39771,8
2002,5,MATO GROSSO,-12.22979756,-55.28488356,1433
2002,5,PARA,-6.333981667,-50.61111056,18
2002,5,RONDONIA,-12.507668,-60.058112,15
2002,5,TOCANTINS,-7.220668,-48.458666,5
2002,6,AMAZONAS,-8.011,-63.595334,5
2002,6,MARANHAO,-4.541666154,-47.38725115,26
2002,6,MATO GROSSO,-11.86317694,-55.45163286,5372
2002,6,PARA,-7.44927302,-50.84587497,149
2002,6,RONDONIA,-10.71650371,-62.40366189,143
2002,6,TOCANTINS,-7.221904286,-48.40071,7
2002,7,ACRE,-9.386197368,-69.23658342,76
2002,7,AMAPA,0.79211,-51.49189,3
2002,7,AMAZONAS,-6.005515975,-62.44678612,405
2002,7,MARANHAO,-3.645001667,-46.06610081,198
2002,7,MATO GROSSO,-11.13879209,-56.03338152,8408
2002,7,PARA,-5.797776211,-51.86362193,1982
2002,7,RONDONIA,-10.64377312,-62.76328488,995
2002,7,RORAIMA,3.529545455,-60.85109091,11
2002,7,TOCANTINS,-7.021370741,-48.47925852,27
2002,8,ACRE,-9.333059643,-69.36649259,1486
2002,8,AMAPA,1.2941468,-51.1629068,25
2002,8,AMAZONAS,-6.493709815,-63.17439598,2108
2002,8,MARANHAO,-3.661311252,-46.03865653,663
2002,8,MATO GROSSO,-10.64681907,-55.59112624,23642
2002,8,PARA,-7.272871772,-51.73722661,37926
2002,8,RONDONIA,-10.6593934,-62.77548819,7375
2002,8,RORAIMA,2.47619,-60.5290319,21
2002,8,TOCANTINS,-7.134860323,-48.57130735,434
2002,9,ACRE,-9.687542496,-68.92234112,5137
2002,9,AMAPA,1.266290711,-50.93202384,211
2002,9,AMAZONAS,-6.426118731,-63.8468335,3679
2002,9,MARANHAO,-3.702254684,-46.24492833,1298
2002,9,MATO GROSSO,-11.71614396,-56.02653086,23385
2002,9,PARA,-5.894362457,-50.45667281,22054
2002,9,RONDONIA,-11.00774344,-62.70207213,22133
2002,9,RORAIMA,3.419290153,-60.62842489,131
2002,9,TOCANTINS,-7.361618336,-48.64021778,1490
2002,10,ACRE,-9.814015713,-68.63090939,1129
2002,10,AMAPA,1.573743479,-51.22028264,894
2002,10,AMAZONAS,-4.605382072,-61.03530578,2297
2002,10,MARANHAO,-4.170686669,-46.23403047,4909
2002,10,MATO GROSSO,-12.29382794,-56.83962309,13177
2002,10,PARA,-4.161795736,-50.61192534,15718
2002,10,RONDONIA,-11.02798391,-62.77093874,7305
2002,10,RORAIMA,3.458257735,-60.54434744,309
2002,10,TOCANTINS,-6.485780034,-48.43861083,591
2002,11,ACRE,-10.04196516,-68.49623967,153
2002,11,AMAPA,0.893977793,-51.13994589,2148
2002,11,AMAZONAS,-3.498590201,-59.67883462,1395
2002,11,MARANHAO,-3.525172029,-45.85358089,9251
2002,11,MATO GROSSO,-12.7079371,-56.45948041,2851
2002,11,PARA,-2.821384254,-50.7783665,20777
2002,11,RONDONIA,-11.06359417,-62.79001852,1026
2002,11,RORAIMA,2.999768576,-60.42108799,288
2002,11,TOCANTINS,-6.489297857,-48.45792857,28
2002,12,ACRE,-9.497666667,-69.882,3
2002,12,AMAPA,0.555351693,-51.16257741,437
2002,12,AMAZONAS,-2.863771464,-60.16411064,280
2002,12,MARANHAO,-3.003344365,-45.82010404,4422
2002,12,MATO GROSSO,-12.36755318,-55.55496002,908
2002,12,PARA,-2.582711016,-49.99789962,7936
2002,12,RONDONIA,-11.689765,-62.65186877,122
2002,12,RORAIMA,1.900477942,-60.29447799,447
2002,12,TOCANTINS,-6.728524286,-48.59952357,14
2003,1,ACRE,-8.158642857,-71.77478571,14
2003,1,AMAPA,-0.297514286,-51.71122857,35
2003,1,AMAZONAS,-1.938385224,-63.47631926,379
2003,1,MARANHAO,-3.267873762,-46.0724703,404
2003,1,MATO GROSSO,-12.41411055,-55.14110218,597
2003,1,PARA,-2.619302083,-50.26369375,1440
2003,1,RONDONIA,-11.10795652,-63.49766667,69
2003,1,RORAIMA,1.809795007,-60.51604336,761
2003,1,TOCANTINS,-7.1002,-48.6262,5
2003,2,AMAZONAS,-0.802193798,-64.20937209,129
2003,2,MARANHAO,-4.881,-45.598,1
2003,2,MATO GROSSO,-12.4262828,-55.57710204,343
2003,2,PARA,-4.471565217,-51.74091304,23
2003,2,RONDONIA,-11.54671429,-63.001,14
2003,2,RORAIMA,1.852645343,-60.75509501,1063
2003,3,AMAPA,1.3802,-51.5178,5
2003,3,AMAZONAS,-1.531797872,-64.13525532,94
2003,3,MARANHAO,-3.7925,-45.9965,2
2003,3,MATO GROSSO,-12.5039533,-55.38921429,364
2003,3,PARA,-2.520571429,-51.58364286,28
2003,3,RONDONIA,-11.05483333,-62.10633333,12
2003,3,RORAIMA,2.446404441,-61.18197712,1486
2003,3,TOCANTINS,-6.421333333,-48.9385,6
2003,4,ACRE,-9.6902,-70.201,5
2003,4,AMAPA,1.242666667,-50.76366667,3
2003,4,AMAZONAS,-2.794952381,-62.47430952,42
2003,4,MARANHAO,-3.7715,-45.95266667,6
2003,4,MATO GROSSO,-12.39604027,-54.98058389,596
2003,4,PARA,-4.082642857,-49.53042857,14
2003,4,RONDONIA,-11.26633333,-62.54144444,18
2003,4,RORAIMA,2.713276836,-61.04946893,354
2003,5,ACRE,-9.949277778,-68.9,18
2003,5,AMAPA,-0.465,-51.853,1
2003,5,AMAZONAS,-5.5855,-62.20541667,24
2003,5,MARANHAO,-3.095571429,-45.94317143,35
2003,5,MATO GROSSO,-12.24896496,-55.0346158,1684
2003,5,PARA,-3.352866071,-49.81558036,112
2003,5,RONDONIA,-11.25582353,-62.06282353,102
2003,5,RORAIMA,3.732166667,-61.03816667,6
2003,5,TOCANTINS,-8.102,-49.04,1
2003,6,ACRE,-9.366055556,-69.24088889,18
2003,6,AMAPA,0.882,-51.104,3
2003,6,AMAZONAS,-3.764138889,-60.065,36
2003,6,MARANHAO,-3.18075,-45.97265789,76
2003,6,MATO GROSSO,-12.0709893,-55.27324736,6072
2003,6,PARA,-4.028275434,-49.53986352,403
2003,6,RONDONIA,-11.88859825,-61.76521397,229
2003,6,RORAIMA,3.112,-61.13625,4
2003,6,TOCANTINS,-7.789142857,-48.42585714,7
2003,7,ACRE,-9.594758782,-68.74016159,427
2003,7,AMAPA,0.245,-50.964,1
2003,7,AMAZONAS,-6.931508397,-62.88119389,655
2003,7,MARANHAO,-3.887446903,-45.99480973,226
2003,7,MATO GROSSO,-11.33250795,-56.0685276,9058
2003,7,PARA,-6.148513372,-52.45076534,3814
2003,7,RONDONIA,-10.87772445,-62.71935146,1673
2003,7,TOCANTINS,-7.212953125,-48.43775,64
2003,8,ACRE,-9.530148593,-68.89687923,3163
2003,8,AMAPA,1.086,-51.21728571,21
2003,8,AMAZONAS,-7.593764998,-64.61715678,3017
2003,8,MARANHAO,-3.428567416,-45.71805618,356
2003,8,MATO GROSSO,-10.83494933,-57.26947203,10224
2003,8,PARA,-6.908968789,-51.98416011,8875
2003,8,RONDONIA,-10.58821494,-62.98016665,9049
2003,8,RORAIMA,1.611333333,-60.50633333,6
2003,8,TOCANTINS,-6.969777778,-48.54207407,54
2003,9,ACRE,-9.567953645,-69.1688761,5803
2003,9,AMAPA,1.443940741,-51.05148889,135
2003,9,AMAZONAS,-6.940850039,-64.97140941,2594
2003,9,MARANHAO,-3.747450893,-45.97907887,672
2003,9,MATO GROSSO,-11.06740843,-55.67733874,14666
2003,9,PARA,-6.64518895,-50.84045175,12633
2003,9,RONDONIA,-11.07536449,-62.8390168,10774
2003,9,RORAIMA,2.4935,-60.610875,8
2003,9,TOCANTINS,-7.157988095,-48.60762698,504
2003,10,ACRE,-9.658300672,-69.09605379,1041
2003,10,AMAPA,1.564471483,-51.19236122,526
2003,10,AMAZONAS,-4.870895192,-61.64143436,1851
2003,10,MARANHAO,-4.300421962,-46.066652,3069
2003,10,MATO GROSSO,-12.55321989,-57.15072491,4384
2003,10,PARA,-3.88595774,-51.1927908,6673
2003,10,RONDONIA,-10.92675866,-63.07386853,7591
2003,10,RORAIMA,2.162875,-60.72820833,24
2003,10,TOCANTINS,-6.63160989,-48.53663736,182
2003,11,ACRE,-8.157533333,-71.86486667,30
2003,11,AMAPA,1.059266786,-51.2444342,1117
2003,11,AMAZONAS,-3.552788462,-60.05251667,780
2003,11,MARANHAO,-3.741890414,-45.95080784,4517
2003,11,MATO GROSSO,-12.27479889,-56.34643296,1626
2003,11,PARA,-2.655992359,-50.3984549,10732
2003,11,RONDONIA,-11.21055007,-62.87239519,749
2003,11,RORAIMA,2.611942308,-60.72140385,52
2003,11,TOCANTINS,-6.156142857,-48.40871429,28
2003,12,ACRE,-9.5165,-69.26825,4
2003,12,AMAPA,0.755379671,-51.08092526,669
2003,12,AMAZONAS,-3.168642373,-60.37555932,590
2003,12,MARANHAO,-3.169775823,-45.87585816,2672
2003,12,MATO GROSSO,-12.32286442,-55.56919563,1099
2003,12,PARA,-2.48985337,-50.67516821,8293
2003,12,RONDONIA,-11.38257312,-62.92425692,253
2003,12,RORAIMA,2.680049327,-60.27844843,223
2003,12,TOCANTINS,-7.0298,-48.5433,10
2004,1,AMAPA,0.131862069,-51.64208621,58
2004,1,AMAZONAS,-0.761963899,-64.50315162,277
2004,1,MARANHAO,-3.133702479,-45.98555785,242
2004,1,MATO GROSSO,-12.42806433,-55.52833333,171
2004,1,PARA,-2.370077714,-50.86759314,875
2004,1,RONDONIA,-11.77025806,-63.30654839,31
2004,1,RORAIMA,2.321239464,-60.24495977,522
2004,1,TOCANTINS,-6.3745,-48.1895,2
2004,2,ACRE,-8.15075,-72.61125,4
2004,2,AMAPA,0.686,-50.987,1
2004,2,AMAZONAS,-0.372271318,-64.02035659,129
2004,2,MARANHAO,-4.471333333,-45.996,6
2004,2,MATO GROSSO,-12.65478409,-55.52686364,264
2004,2,PARA,-3.508194444,-51.67094444,36
2004,2,RONDONIA,-10.4179375,-63.9149375,16
2004,2,RORAIMA,2.580166189,-60.44234097,349
2004,3,AMAZONAS,-2.34345,-64.9055,20
2004,3,MARANHAO,-3.0525,-46.333,4
2004,3,MATO GROSSO,-12.63133399,-55.4806917,506
2004,3,PARA,-3.461724138,-49.87593103,29
2004,3,RONDONIA,-11.5345,-62.53226923,26
2004,3,RORAIMA,1.803002227,-60.4854098,449
2004,3,TOCANTINS,-7.817,-48.8,1
2004,4,ACRE,-10.88744444,-68.537,9
2004,4,AMAPA,-0.93,-52.327,1
2004,4,AMAZONAS,-2.436653846,-64.03780769,26
2004,4,MARANHAO,-4.111857143,-46.21971429,7
2004,4,MATO GROSSO,-12.57573864,-55.23458604,616
2004,4,PARA,-3.256098361,-52.22368852,61
2004,4,RONDONIA,-11.38888889,-62.80362963,27
2004,4,RORAIMA,2.518717557,-60.71839695,262
2004,4,TOCANTINS,-7.142,-48.649,3
2004,5,ACRE,-9.346142857,-70.78795238,21
2004,5,AMAPA,-0.919,-52.286,1
2004,5,AMAZONAS,-3.411545455,-60.931,11
2004,5,MARANHAO,-3.10312963,-45.68551852,54
2004,5,MATO GROSSO,-12.29529575,-55.00794506,2803
2004,5,PARA,-3.472445596,-49.8183057,193
2004,5,RONDONIA,-11.988375,-61.70334375,32
2004,5,RORAIMA,2.783222222,-60.47933333,9
2004,5,TOCANTINS,-6.915285714,-48.66157143,7
2004,6,ACRE,-9.390833333,-69.6865,12
2004,6,AMAPA,1.473857143,-51.05957143,7
2004,6,AMAZONAS,-5.669953488,-61.41816279,43
2004,6,MARANHAO,-3.151223881,-46.02007463,67
2004,6,MATO GROSSO,-12.09171929,-55.18456697,8101
2004,6,PARA,-4.456714286,-49.92332182,637
2004,6,RONDONIA,-11.55591289,-61.90581533,287
2004,6,RORAIMA,3.951333333,-61.09722222,9
2004,6,TOCANTINS,-7.385125,-48.5143125,16
2004,7,ACRE,-9.350073684,-68.9904,95
2004,7,AMAPA,1.07,-50.5735,4
2004,7,AMAZONAS,-6.629197802,-61.95928022,364
2004,7,MARANHAO,-3.833783505,-46.01379381,194
2004,7,MATO GROSSO,-11.58348174,-55.88153647,10159
2004,7,PARA,-6.503000755,-53.03425211,6620
2004,7,RONDONIA,-10.75181591,-62.73599535,1722
2004,7,RORAIMA,2.89,-60.881,2
2004,7,TOCANTINS,-6.896736842,-48.26136842,19
2004,8,ACRE,-9.649285145,-68.87487737,1003
2004,8,AMAPA,1.335333333,-51.03994444,18
2004,8,AMAZONAS,-6.877054054,-61.94565622,1850
2004,8,MARANHAO,-3.607049563,-45.65036735,343
2004,8,MATO GROSSO,-10.68837874,-57.04871153,12906
2004,8,PARA,-7.184945692,-52.62741795,17861
2004,8,RONDONIA,-10.76564602,-62.71726064,9235
2004,8,RORAIMA,2.954590909,-61.06272727,22
2004,8,TOCANTINS,-7.006804878,-48.50196341,82
2004,9,ACRE,-9.835522902,-68.80395878,5458
2004,9,AMAPA,1.304811966,-51.11644444,117
2004,9,AMAZONAS,-7.454401067,-64.92486207,2436
2004,9,MARANHAO,-3.707487676,-46.02413732,568
2004,9,MATO GROSSO,-11.09389512,-56.20423471,24886
2004,9,PARA,-6.770646712,-51.07845723,14249
2004,9,RONDONIA,-10.86893192,-62.79845545,23414
2004,9,RORAIMA,3.465866667,-60.95166667,15
2004,9,TOCANTINS,-7.231963061,-48.55699472,379
2004,10,ACRE,-10.12152765,-68.81080411,633
2004,10,AMAPA,1.664550562,-51.22877341,534
2004,10,AMAZONAS,-4.68446867,-61.64713555,1564
2004,10,MARANHAO,-4.057433977,-46.17480154,1295
2004,10,MATO GROSSO,-12.35980216,-56.7394715,7122
2004,10,PARA,-3.725461415,-50.7916522,7464
2004,10,RONDONIA,-11.07703755,-62.78187987,5086
2004,10,RORAIMA,3.633169014,-60.5656338,71
2004,10,TOCANTINS,-6.792691824,-48.46303145,159
2004,11,ACRE,-9.15076,-70.5712,25
2004,11,AMAPA,1.15051707,-51.27822404,1406
2004,11,AMAZONAS,-3.44157085,-59.37949899,988
2004,11,MARANHAO,-3.821427311,-45.9559415,5214
2004,11,MATO GROSSO,-12.43635207,-55.98153552,1886
2004,11,PARA,-2.799083406,-51.08059588,15958
2004,11,RONDONIA,-10.98700735,-62.95518382,680
2004,11,RORAIMA,3.267238095,-60.41258571,210
2004,11,TOCANTINS,-6.457403509,-48.42396491,57
2004,12,ACRE,-10.34518182,-68.19936364,11
2004,12,AMAPA,1.256558452,-51.15894787,1266
2004,12,AMAZONAS,-2.76972,-59.80888267,375
2004,12,MARANHAO,-3.420595245,-45.88257321,3449
2004,12,MATO GROSSO,-12.38008283,-56.05042016,1002
2004,12,PARA,-2.336708728,-50.80362702,10231
2004,12,RONDONIA,-11.04361194,-62.63995522,268
2004,12,RORAIMA,3.336059801,-60.53095349,301
2004,12,TOCANTINS,-6.456047619,-48.3842381,21
2005,1,ACRE,-8.06545,-72.0865,20
2005,1,AMAPA,1.006237113,-50.94355155,194
2005,1,AMAZONAS,-2.779191111,-60.08619556,225
2005,1,MARANHAO,-3.167197701,-45.91590805,435
2005,1,MATO GROSSO,-12.42231313,-55.48844444,297
2005,1,PARA,-2.666796924,-51.71339217,2861
2005,1,RONDONIA,-10.82868033,-63.94590164,122
2005,1,RORAIMA,1.844077419,-60.19509032,155
2005,1,TOCANTINS,-7.2868,-48.6426,5
2005,2,AMAPA,0.422,-51.388,1
2005,2,AMAZONAS,-3.0134375,-61.906375,16
2005,2,MARANHAO,-3.782411765,-46.57114706,34
2005,2,MATO GROSSO,-12.64877229,-55.35711943,628
2005,2,PARA,-3.455760331,-50.27863636,121
2005,2,RONDONIA,-12.16963415,-61.88217073,41
2005,2,RORAIMA,1.79668599,-60.24271498,207
2005,3,ACRE,-8.7806,-70.1262,5
2005,3,AMAZONAS,-1.4386,-68.41513333,15
2005,3,MARANHAO,-3.535,-46.71533333,3
2005,3,MATO GROSSO,-12.80310163,-54.98468293,246
2005,3,PARA,-3.150625,-50.2943125,32
2005,3,RONDONIA,-12.1131875,-61.4455625,16
2005,3,RORAIMA,2.574378685,-60.81629705,441
2005,4,ACRE,-10.807,-69.092,2
2005,4,AMAZONAS,-2.434125,-66.35025,8
2005,4,MARANHAO,-3.85025,-46.33441667,12
2005,4,MATO GROSSO,-12.46898238,-55.15950661,681
2005,4,PARA,-5.695372093,-51.09032558,43
2005,4,RONDONIA,-11.813,-62.11753846,26
2005,4,RORAIMA,2.822196429,-60.69708929,56
2005,4,TOCANTINS,-7.5115,-48.275,4
2005,5,ACRE,-9.607823529,-69.93529412,17
2005,5,AMAPA,0.647,-51.041,1
2005,5,AMAZONAS,-4.424,-61.98597222,36
2005,5,MARANHAO,-4.454133333,-46.4528,15
2005,5,MATO GROSSO,-12.42814248,-55.74338216,1502
2005,5,PARA,-5.255920792,-50.38928713,101
2005,5,RONDONIA,-11.45409836,-62.4914918,61
2005,5,RORAIMA,3.102666667,-60.46533333,6
2005,5,TOCANTINS,-7.74,-48.764,7
2005,6,ACRE,-9.5044,-69.51564,75
2005,6,AMAPA,1.688333333,-51.07266667,3
2005,6,AMAZONAS,-6.988038462,-64.17613846,130
2005,6,MARANHAO,-4.131468085,-46.37145745,94
2005,6,MATO GROSSO,-12.11884269,-56.04645263,1710
2005,6,PARA,-4.517716463,-50.1995747,656
2005,6,RONDONIA,-10.95883142,-62.91021839,261
2005,6,RORAIMA,2.963,-60.5551,10
2005,6,TOCANTINS,-6.6948,-48.31086667,15
2005,7,ACRE,-9.111641725,-69.65710035,1136
2005,7,AMAPA,0.199,-51.279,1
2005,7,AMAZONAS,-7.629909715,-64.46906072,1894
2005,7,MARANHAO,-3.835818182,-45.99449761,209
2005,7,MATO GROSSO,-10.99641805,-56.81159098,4655
2005,7,PARA,-6.19788377,-52.53134129,9464
2005,7,RONDONIA,-10.25533436,-63.55112738,1947
2005,7,RORAIMA,4.151,-60.669875,8
2005,7,TOCANTINS,-6.78328,-48.48694,50
2005,8,ACRE,-9.354215934,-69.13439718,7669
2005,8,AMAPA,0.437333333,-50.97493333,15
2005,8,AMAZONAS,-7.396868751,-64.58575071,5981
2005,8,MARANHAO,-3.969472067,-45.94689385,358
2005,8,MATO GROSSO,-10.51606391,-57.32925695,13065
2005,8,PARA,-6.767476666,-52.12530954,23635
2005,8,RONDONIA,-10.40148437,-63.45692007,12798
2005,8,RORAIMA,2.2764375,-60.4451875,16
2005,8,TOCANTINS,-6.48553304,-48.45024229,227
2005,9,ACRE,-9.737739987,-68.92244517,6092
2005,9,AMAPA,1.321258993,-51.1431295,139
2005,9,AMAZONAS,-7.247653012,-64.3440655,4931
2005,9,MARANHAO,-4.237064947,-46.37872684,1047
2005,9,MATO GROSSO,-10.94180969,-56.68745849,22116
2005,9,PARA,-6.313503064,-51.05847847,12728
2005,9,RONDONIA,-10.7829746,-62.96687882,20902
2005,9,RORAIMA,3.605212963,-60.64022222,108
2005,9,TOCANTINS,-6.999088531,-48.61000604,497
2005,10,ACRE,-10.10953765,-68.48100848,943
2005,10,AMAPA,1.782624754,-51.30017878,509
2005,10,AMAZONAS,-4.762505003,-61.54187258,1499
2005,10,MARANHAO,-4.159629242,-46.0878657,2770
2005,10,MATO GROSSO,-11.7969633,-55.92331968,7057
2005,10,PARA,-4.227773277,-50.85004028,8689
2005,10,RONDONIA,-10.78462081,-62.84467401,4718
2005,10,RORAIMA,3.063495868,-60.61147107,121
2005,10,TOCANTINS,-7.083742138,-48.53827044,318
2005,11,ACRE,-9.746814815,-69.21807407,27
2005,11,AMAPA,1.024952562,-51.27074478,1054
2005,11,AMAZONAS,-3.747320528,-59.50329172,833
2005,11,MARANHAO,-3.716763579,-45.85838165,3498
2005,11,MATO GROSSO,-11.94778169,-56.35251937,1136
2005,11,PARA,-2.720501601,-50.57372844,9368
2005,11,RONDONIA,-10.5349538,-62.79260507,671
2005,11,RORAIMA,2.891177143,-60.22448,175
2005,11,TOCANTINS,-6.425607143,-48.43057143,28
2005,12,ACRE,-9.048714286,-70.09271429,7
2005,12,AMAPA,0.636320388,-51.39142718,103
2005,12,AMAZONAS,-4.250473684,-61.44286842,76
2005,12,MARANHAO,-3.287567164,-45.89726951,2345
2005,12,MATO GROSSO,-12.775,-55.9775404,396
2005,12,PARA,-2.198103731,-49.63872479,3779
2005,12,RONDONIA,-10.50675641,-63.43034615,78
2005,12,RORAIMA,3.611993671,-60.27287975,158
2005,12,TOCANTINS,-7.1515,-48.78008333,24
2006,1,ACRE,-7.662142857,-72.896,7
2006,1,AMAPA,0.651,-51.3182,10
2006,1,AMAZONAS,-3.37735443,-61.87744304,79
2006,1,MARANHAO,-3.341061453,-46.15123464,179
2006,1,MATO GROSSO,-12.140625,-54.75652778,720
2006,1,PARA,-3.042164912,-50.52056842,855
2006,1,RONDONIA,-10.11735714,-63.48092857,14
2006,1,RORAIMA,2.938295918,-60.28105102,98
2006,1,TOCANTINS,-7.115,-48.70536364,11
2006,2,ACRE,-8.191,-70.55,1
2006,2,AMAPA,-0.716,-52.313,1
2006,2,AMAZONAS,-3.744967742,-61.33993548,31
2006,2,MARANHAO,-3.818666667,-46.55855556,9
2006,2,MATO GROSSO,-12.55917736,-55.2971434,265
2006,2,PARA,-2.861927273,-50.08867273,110
2006,2,RONDONIA,-11.50436842,-61.60752632,19
2006,2,RORAIMA,1.940204082,-60.3425102,441
2006,2,TOCANTINS,-6.1585,-48.1075,2
2006,3,AMAZONAS,-1.814433333,-65.37763333,30
2006,3,MARANHAO,-3.633333333,-46.67166667,3
2006,3,MATO GROSSO,-12.59691026,-54.97590705,312
2006,3,PARA,-2.134166667,-51.10466667,18
2006,3,RONDONIA,-10.57986667,-62.6286,15
2006,3,RORAIMA,2.181125954,-60.52919084,524
2006,3,TOCANTINS,-6.866,-48.019,1
2006,4,ACRE,-10.8875,-68.7185,2
2006,4,AMAPA,-0.50325,-51.723,4
2006,4,AMAZONAS,-1.705464286,-64.23378571,28
2006,4,MARANHAO,-4.0925,-45.336,2
2006,4,MATO GROSSO,-12.66685921,-55.88446931,277
2006,4,PARA,-4.900090909,-52.95418182,11
2006,4,RONDONIA,-11.52333333,-62.29777778,9
2006,4,RORAIMA,2.613430851,-60.80274202,376
2006,5,ACRE,-8.720655172,-71.18975862,58
2006,5,AMAZONAS,-6.4721,-67.93375,20
2006,5,MARANHAO,-3.358409091,-45.84390909,22
2006,5,MATO GROSSO,-12.6261859,-55.79841026,624
2006,5,PARA,-2.714,-47.757875,8
2006,5,RONDONIA,-10.94207619,-63.04900952,105
2006,5,RORAIMA,3.4144,-60.9682,5
2006,5,TOCANTINS,-7.432,-48.294,1
2006,6,ACRE,-8.353264706,-71.48820588,34
2006,6,AMAZONAS,-4.983967949,-61.48296795,156
2006,6,MARANHAO,-3.608764706,-45.92043529,85
2006,6,MATO GROSSO,-12.03228436,-55.68360545,1579
2006,6,PARA,-3.836300236,-49.36973759,423
2006,6,RONDONIA,-10.77010776,-63.06517672,232
2006,6,TOCANTINS,-7.462615385,-48.44069231,13
2006,7,ACRE,-8.915741935,-70.53182796,186
2006,7,AMAZONAS,-6.307797909,-62.18304355,574
2006,7,MARANHAO,-4.034453416,-46.24545342,161
2006,7,MATO GROSSO,-11.41290861,-56.25229297,3031
2006,7,PARA,-5.243761637,-51.75556471,1955
2006,7,RONDONIA,-10.23477673,-63.28865563,1057
2006,7,RORAIMA,-1.118,-61.589,1
2006,7,TOCANTINS,-7.9692,-48.58446667,30
2006,8,ACRE,-8.768530856,-70.57588653,1507
2006,8,AMAPA,1.199037037,-51.06307407,27
2006,8,AMAZONAS,-6.927978523,-62.89967638,3399
2006,8,MARANHAO,-3.842996711,-46.23700987,304
2006,8,MATO GROSSO,-10.55576453,-57.1119726,7483
2006,8,PARA,-6.526728293,-52.57380855,15064
2006,8,RONDONIA,-10.20556074,-63.47443359,6347
2006,8,RORAIMA,3.14152381,-60.96114286,21
2006,8,TOCANTINS,-6.843767857,-48.44451786,56
2006,9,ACRE,-9.225773348,-69.48016377,3737
2006,9,AMAPA,1.332962264,-50.96812579,159
2006,9,AMAZONAS,-6.69335496,-63.93690244,4254
2006,9,MARANHAO,-3.717409341,-46.23381319,364
2006,9,MATO GROSSO,-10.91653286,-56.53858781,14105
2006,9,PARA,-6.132622155,-51.52526647,13225
2006,9,RONDONIA,-10.71614286,-63.12306795,14938
2006,9,RORAIMA,2.682160714,-60.64196429,56
2006,9,TOCANTINS,-7.176994737,-48.57651053,190
2006,10,ACRE,-10.08591,-68.83563667,600
2006,10,AMAPA,1.445527434,-51.23339115,565
2006,10,AMAZONAS,-3.851800092,-60.0166121,2181
2006,10,MARANHAO,-3.921793103,-46.21195879,1189
2006,10,MATO GROSSO,-11.17026534,-56.90351218,2216
2006,10,PARA,-3.833696448,-52.22193569,9346
2006,10,RONDONIA,-10.346019,-63.11142639,1895
2006,10,RORAIMA,2.663068323,-60.32582609,161
2006,10,TOCANTINS,-6.655935897,-48.51428846,156
2006,11,ACRE,-9.808393939,-68.71706061,66
2006,11,AMAPA,1.136717425,-51.15985557,637
2006,11,AMAZONAS,-3.788437075,-59.93790306,588
2006,11,MARANHAO,-3.822464465,-45.98561073,3391
2006,11,MATO GROSSO,-12.36242022,-55.84617599,1949
2006,11,PARA,-2.873042338,-50.84633953,9684
2006,11,RONDONIA,-11.24241772,-62.89306232,1027
2006,11,RORAIMA,3.14259375,-60.46257292,96
2006,11,TOCANTINS,-6.633416667,-48.42027778,36
2006,12,AMAPA,0.647484733,-51.42554198,262
2006,12,AMAZONAS,-2.951795518,-59.36623529,357
2006,12,MARANHAO,-3.114689338,-45.88624586,2176
2006,12,MATO GROSSO,-12.17210326,-55.31984783,184
2006,12,PARA,-2.399857615,-50.0851597,5141
2006,12,RONDONIA,-11.44865854,-62.76890244,41
2006,12,RORAIMA,2.413829268,-60.26279024,410
2006,12,TOCANTINS,-6.645875,-48.405375,8
2007,1,ACRE,-7.633,-73.007,1
2007,1,AMAPA,0.14,-51.2245,12
2007,1,AMAZONAS,-2.688688679,-64.60062264,106
2007,1,MARANHAO,-2.940489914,-45.97893084,347
2007,1,MATO GROSSO,-12.1049223,-54.69443581,296
2007,1,PARA,-2.448077111,-50.50570135,817
2007,1,RONDONIA,-10.61829545,-63.18334091,44
2007,1,RORAIMA,2.544399306,-60.47203125,288
2007,1,TOCANTINS,-6.966285714,-48.65728571,7
2007,2,ACRE,-7.736357143,-72.443,14
2007,2,AMAPA,-0.919,-52.306,1
2007,2,AMAZONAS,-1.075005988,-64.94885629,167
2007,2,MARANHAO,-3.805333333,-46.18,3
2007,2,MATO GROSSO,-12.7718306,-55.8974153,183
2007,2,PARA,-2.798615385,-52.06030769,39
2007,2,RONDONIA,-10.5202,-63.6208,5
2007,2,RORAIMA,1.91647513,-60.627951,1347
2007,2,TOCANTINS,-7.297,-48.5435,2
2007,3,ACRE,-7.741,-72.8312,5
2007,3,AMAPA,1.8105,-50.2685,2
2007,3,AMAZONAS,-1.725571429,-65.77514286,14
2007,3,MARANHAO,-4.65,-47.049,2
2007,3,MATO GROSSO,-12.58637385,-55.26233945,436
2007,3,PARA,-5.919411765,-51.73076471,17
2007,3,RONDONIA,-10.99084615,-62.39176923,26
2007,3,RORAIMA,2.659968716,-61.11768932,927
2007,3,TOCANTINS,-5.3445,-48.5595,2
2007,4,ACRE,-10.3095,-68.949875,8
2007,4,AMAZONAS,-3.726388889,-62.831,18
2007,4,MARANHAO,-2.922,-45.8115,2
2007,4,MATO GROSSO,-12.35984808,-55.53631731,520
2007,4,PARA,-5.704764706,-52.09582353,17
2007,4,RONDONIA,-10.77722222,-63.319,9
2007,4,RORAIMA,2.688538043,-61.08041848,184
2007,4,TOCANTINS,-6.6355,-48.6005,2
2007,5,ACRE,-9.220933333,-70.77986667,15
2007,5,AMAZONAS,-4.1295,-61.6695,16
2007,5,MARANHAO,-3.516363636,-45.61840909,22
2007,5,MATO GROSSO,-12.373054,-55.03933333,963
2007,5,PARA,-3.997511111,-50.27971111,90
2007,5,RONDONIA,-11.72490625,-61.83860938,64
2007,5,RORAIMA,2.83,-60.903,2
2007,5,TOCANTINS,-7.632,-48.926,4
2007,6,ACRE,-8.919868421,-70.45194737,76
2007,6,AMAZONAS,-5.716761111,-62.85522778,180
2007,6,MARANHAO,-3.839368932,-46.08941748,103
2007,6,MATO GROSSO,-12.0703378,-55.57160906,2164
2007,6,PARA,-4.602746647,-49.92719672,671
2007,6,RONDONIA,-11.09413592,-62.72077023,309
2007,6,RORAIMA,2.134,-60.993,3
2007,6,TOCANTINS,-7.871153846,-48.68546154,13
2007,7,ACRE,-9.105320442,-70.06116022,181
2007,7,AMAPA,1.764947368,-50.90473684,19
2007,7,AMAZONAS,-6.079378913,-63.56910544,607
2007,7,MARANHAO,-3.752592391,-45.84931522,184
2007,7,MATO GROSSO,-11.68068447,-55.68985063,2678
2007,7,PARA,-4.88746366,-51.2780069,1885
2007,7,RONDONIA,-10.8951587,-63.02080717,586
2007,7,RORAIMA,2.833266667,-60.7662,15
2007,7,TOCANTINS,-7.129439024,-48.4304878,41
2007,8,ACRE,-9.12138208,-69.91843563,1942
2007,8,AMAPA,1.4863,-51.1427,10
2007,8,AMAZONAS,-7.288238596,-62.83078647,3990
2007,8,MARANHAO,-4.204866748,-46.059489,818
2007,8,MATO GROSSO,-10.79796355,-56.54313796,11221
2007,8,PARA,-6.963598569,-52.18527944,21386
2007,8,RONDONIA,-10.63672429,-63.12159693,6768
2007,8,RORAIMA,1.2975,-60.54775,4
2007,8,TOCANTINS,-6.830345528,-48.46722358,246
2007,9,ACRE,-9.545271759,-69.25433309,5446
2007,9,AMAPA,1.655013699,-51.0049726,146
2007,9,AMAZONAS,-7.280558648,-64.43761573,3521
2007,9,MARANHAO,-4.63167776,-46.46859201,2554
2007,9,MATO GROSSO,-11.01834977,-56.16291917,24779
2007,9,PARA,-6.799969757,-50.97926552,22055
2007,9,RONDONIA,-10.8277443,-63.11611371,14044
2007,9,RORAIMA,2.978368421,-60.85552632,19
2007,9,TOCANTINS,-6.878175043,-48.52944021,577
2007,10,ACRE,-9.969232078,-68.81484812,823
2007,10,AMAPA,1.690556701,-51.30750309,485
2007,10,AMAZONAS,-4.692121467,-61.09757907,1663
2007,10,MARANHAO,-4.283329629,-46.08484549,3689
2007,10,MATO GROSSO,-11.34420245,-56.36627258,8071
2007,10,PARA,-4.449685358,-51.21082399,8346
2007,10,RONDONIA,-10.77242233,-63.04136069,5337
2007,10,RORAIMA,2.570463768,-60.44055072,69
2007,10,TOCANTINS,-7.19366129,-48.62406855,248
2007,11,ACRE,-9.743105263,-68.72528947,38
2007,11,AMAPA,1.073448871,-51.25971846,753
2007,11,AMAZONAS,-3.158038415,-60.03927011,833
2007,11,MARANHAO,-3.758164903,-45.95506555,2929
2007,11,MATO GROSSO,-12.31210969,-55.22318234,702
2007,11,PARA,-2.786492486,-50.68117204,10114
2007,11,RONDONIA,-10.8467617,-63.00808085,235
2007,11,RORAIMA,2.599022409,-60.17605042,357
2007,11,TOCANTINS,-6.536375,-48.48217188,64
2007,12,AMAPA,0.384821429,-51.30630357,56
2007,12,AMAZONAS,-2.456730337,-61.32470787,178
2007,12,MARANHAO,-2.667389021,-45.66517005,1676
2007,12,MATO GROSSO,-12.33081088,-55.4364715,386
2007,12,PARA,-2.100070399,-49.45840897,3054
2007,12,RONDONIA,-11.53522,-62.8345,50
2007,12,RORAIMA,2.856137931,-60.27751724,29
2007,12,TOCANTINS,-6.21225,-48.450875,8
2008,1,AMAPA,0.09825,-51.551,4
2008,1,AMAZONAS,-0.962733333,-64.26686667,45
2008,1,MARANHAO,-2.98275,-45.81245833,120
2008,1,MATO GROSSO,-12.35337671,-54.23857534,146
2008,1,PARA,-2.678116667,-50.06295417,240
2008,1,RONDONIA,-11.72883333,-62.129,6
2008,1,RORAIMA,2.299991914,-60.35734501,371
2008,1,TOCANTINS,-7.004,-48.55066667,6
2008,2,AMAPA,-0.934,-52.224,1
2008,2,AMAZONAS,-1.280270833,-62.47970833,48
2008,2,MARANHAO,-4.055157895,-46.69515789,19
2008,2,MATO GROSSO,-13.26210656,-55.49272131,122
2008,2,PARA,-3.303333333,-50.19621212,99
2008,2,RONDONIA,-10.8995,-63.05258333,12
2008,2,RORAIMA,2.55703139,-60.4189417,223
2008,2,TOCANTINS,-6.517333333,-48.053,3
2008,3,ACRE,-8.236,-73.038,1
2008,3,AMAPA,2.224,-50.9375,2
2008,3,AMAZONAS,-0.24648,-66.94616,25
2008,3,MATO GROSSO,-12.52720513,-55.41031624,117
2008,3,PARA,-3.326181818,-51.72072727,11
2008,3,RONDONIA,-11.474,-62.296,2
2008,3,RORAIMA,1.953324786,-60.52554131,702
2008,4,ACRE,-7.887,-72.438,1
2008,4,AMAPA,0.744,-51.3185,2
2008,4,AMAZONAS,-0.967714286,-65.78408571,35
2008,4,MARANHAO,-4.068625,-45.977125,8
2008,4,MATO GROSSO,-12.58205479,-55.46792694,219
2008,4,PARA,-3.949,-50.61658333,12
2008,4,RONDONIA,-12.39175,-61.272,12
2008,4,RORAIMA,2.608456835,-60.73242806,278
2008,4,TOCANTINS,-6.6975,-48.053,2
2008,5,ACRE,-10.00991304,-69.52073913,23
2008,5,AMAZONAS,-4.641916667,-61.61483333,12
2008,5,MARANHAO,-3.872,-45.68535294,17
2008,5,MATO GROSSO,-12.51973359,-56.00032432,259
2008,5,PARA,-5.365,-50.39423333,30
2008,5,RONDONIA,-11.23725,-62.732,20
2008,5,RORAIMA,3.5565,-60.51522727,22
2008,6,ACRE,-9.129,-70.49122222,18
2008,6,AMAPA,0.8325,-50.933,2
2008,6,AMAZONAS,-6.532190476,-63.17211905,42
2008,6,MARANHAO,-3.39942,-45.90984,50
2008,6,MATO GROSSO,-12.21424507,-55.4272,710
2008,6,PARA,-4.391064024,-50.14934146,328
2008,6,RONDONIA,-11.18243038,-62.35077215,79
2008,6,RORAIMA,3.352333333,-60.898,3
2008,6,TOCANTINS,-7.5933125,-48.9826875,16
2008,7,ACRE,-9.204593939,-69.57298788,165
2008,7,AMAPA,0.88925,-51.16475,4
2008,7,AMAZONAS,-6.527916849,-62.26613129,457
2008,7,MARANHAO,-3.578895397,-45.60466109,239
2008,7,MATO GROSSO,-11.73992629,-56.16043227,1506
2008,7,PARA,-5.480572185,-52.31161258,3020
2008,7,RONDONIA,-10.35449895,-62.90878947,475
2008,7,TOCANTINS,-7.231857143,-48.43237143,35
2008,8,ACRE,-8.929630475,-70.38008328,1621
2008,8,AMAPA,1.191214286,-51.13214286,14
2008,8,AMAZONAS,-7.174269898,-63.08100158,2538
2008,8,MARANHAO,-3.422639405,-45.60163197,269
2008,8,MATO GROSSO,-10.99967627,-57.17834599,3055
2008,8,PARA,-6.071777707,-52.70801867,11035
2008,8,RONDONIA,-9.932447183,-63.34891408,2840
2008,8,RORAIMA,3.242153846,-60.74476923,13
2008,8,TOCANTINS,-7.198116667,-48.63298333,60
2008,9,ACRE,-9.331972854,-69.57258331,2947
2008,9,AMAPA,1.011428571,-51.14767669,133
2008,9,AMAZONAS,-7.487525058,-64.80911597,1716
2008,9,MARANHAO,-2.944222772,-45.66084158,404
2008,9,MATO GROSSO,-11.15503669,-57.53340355,6542
2008,9,PARA,-5.92696164,-51.23425763,9463
2008,9,RONDONIA,-10.58143201,-63.21758971,5111
2008,9,RORAIMA,3.245833333,-60.73973333,30
2008,9,TOCANTINS,-7.180560976,-48.54712195,123
2008,10,ACRE,-9.864339953,-68.63780491,856
2008,10,AMAPA,1.399807988,-51.32828725,651
2008,10,AMAZONAS,-6.205538927,-62.98285813,1156
2008,10,MARANHAO,-4.146680256,-46.17766747,1251
2008,10,MATO GROSSO,-11.6187683,-55.91393324,5123
2008,10,PARA,-4.404705913,-50.89208921,11568
2008,10,RONDONIA,-10.7800365,-63.22219309,2548
2008,10,RORAIMA,2.9365625,-60.4116875,112
2008,10,TOCANTINS,-6.796197628,-48.52594071,253
2008,11,ACRE,-9.325238095,-70.03925397,63
2008,11,AMAPA,1.292689509,-51.14872589,1182
2008,11,AMAZONAS,-4.034906191,-60.42924015,533
2008,11,MARANHAO,-3.839494238,-45.97615904,3037
2008,11,MATO GROSSO,-12.28429474,-56.3033193,570
2008,11,PARA,-2.626841053,-50.89258714,9456
2008,11,RONDONIA,-10.77202857,-63.3174,420
2008,11,RORAIMA,2.783842424,-60.1428303,165
2008,11,TOCANTINS,-6.327166667,-48.44758333,24
2008,12,ACRE,-7.74675,-72.77075,4
2008,12,AMAPA,0.753158228,-51.03067089,158
2008,12,AMAZONAS,-3.2005,-59.48628723,94
2008,12,MARANHAO,-3.090750415,-45.81859095,2408
2008,12,MATO GROSSO,-13.13702575,-56.82260086,233
2008,12,PARA,-2.281067775,-49.42812771,3187
2008,12,RONDONIA,-10.80354167,-62.62816667,24
2008,12,RORAIMA,3.476967742,-60.25458065,31
2008,12,TOCANTINS,-5.956166667,-48.09633333,6
2009,1,AMAPA,0.2425,-51.432875,8
2009,1,AMAZONAS,-3.489029412,-59.45538235,34
2009,1,MARANHAO,-3.094666667,-45.86582883,222
2009,1,MATO GROSSO,-12.92752768,-55.93556089,271
2009,1,PARA,-2.748903433,-49.9394206,466
2009,1,RONDONIA,-11.62504,-62.49292,25
2009,1,RORAIMA,3.707461538,-60.61010769,65
2009,1,TOCANTINS,-7.8085,-48.828,4
2009,2,ACRE,-7.6765,-72.623,2
2009,2,AMAZONAS,-4.388,-61.44211111,9
2009,2,MARANHAO,-4.372,-47.289,1
2009,2,MATO GROSSO,-12.82976238,-55.62760396,101
2009,2,PARA,-3.313807692,-51.5925,26
2009,2,RONDONIA,-12.341,-60.316,2
2009,2,RORAIMA,3.327863208,-60.76878774,212
2009,2,TOCANTINS,-8.196,-49.119,1
2009,3,AMAZONAS,-2.138473684,-63.71126316,19
2009,3,MARANHAO,-5.338666667,-47.283,3
2009,3,MATO GROSSO,-12.38552066,-54.93898347,242
2009,3,PARA,-1.427818182,-53.25890909,11
2009,3,RONDONIA,-12.45733333,-61.4514,15
2009,3,RORAIMA,2.318535836,-60.5047884,293
2009,3,TOCANTINS,-7.28,-48.27,1
2009,4,ACRE,-7.6755,-72.876,2
2009,4,AMAPA,-0.4335,-51.9855,2
2009,4,AMAZONAS,-2.045545455,-61.05645455,11
2009,4,MARANHAO,-2.65,-44.188,1
2009,4,MATO GROSSO,-12.71479661,-55.54676271,118
2009,4,PARA,-1.443066667,-54.1084,15
2009,4,RONDONIA,-12.00983333,-61.50266667,6
2009,4,RORAIMA,2.326924731,-60.59418996,279
2009,4,TOCANTINS,-9.099,-48.586,1
2009,5,ACRE,-8.885,-71.5364,10
2009,5,AMAPA,2.2705,-50.9195,2
2009,5,AMAZONAS,-3.32375,-62.4435,4
2009,5,MARANHAO,-3.0725,-45.746,2
2009,5,MATO GROSSO,-12.52471111,-55.16541111,360
2009,5,PARA,-1.7255,-54.4725,8
2009,5,RONDONIA,-10.4965,-62.4808,10
2009,5,RORAIMA,2.98267148,-60.73027076,277
2009,6,ACRE,-8.138,-70.493,1
2009,6,AMAPA,1.801,-50.843,1
2009,6,AMAZONAS,-3.245870968,-60.50209677,31
2009,6,MARANHAO,-4.318625,-46.1165,8
2009,6,MATO GROSSO,-12.24114371,-55.20638005,842
2009,6,PARA,-4.348098901,-51.09216484,91
2009,6,RONDONIA,-10.76865385,-63.05065385,26
2009,6,RORAIMA,2.997947368,-60.96884211,19
2009,6,TOCANTINS,-8.32775,-48.5525,4
2009,7,ACRE,-8.572084746,-71.42072881,59
2009,7,AMAPA,0.09825,-51.5775,4
2009,7,AMAZONAS,-4.214378049,-61.39310976,246
2009,7,MARANHAO,-3.450970149,-45.54556716,67
2009,7,MATO GROSSO,-11.67308788,-55.87691859,1081
2009,7,PARA,-4.389078236,-51.19800569,703
2009,7,RONDONIA,-10.84432331,-63.00450376,133
2009,7,RORAIMA,3.055904762,-60.7842381,21
2009,7,TOCANTINS,-7.221538462,-48.43292308,13
2009,8,ACRE,-8.847918033,-70.73347268,366
2009,8,AMAPA,1.353043478,-51.24804348,23
2009,8,AMAZONAS,-5.142463035,-61.15245192,1799
2009,8,MARANHAO,-3.256740741,-45.32968519,216
2009,8,MATO GROSSO,-11.15916693,-57.28177047,1246
2009,8,PARA,-5.318779614,-53.12515893,5386
2009,8,RONDONIA,-10.40369243,-63.23463651,608
2009,8,RORAIMA,2.094829268,-60.2604878,41
2009,8,TOCANTINS,-7.115234043,-48.43017021,47
2009,9,ACRE,-9.120629898,-70.10135994,2067
2009,9,AMAPA,1.558934579,-51.10340654,214
2009,9,AMAZONAS,-5.530356328,-62.53790125,3595
2009,9,MARANHAO,-2.99366443,-45.51630537,298
2009,9,MATO GROSSO,-10.79227753,-57.19909003,2688
2009,9,PARA,-5.350444258,-51.94211907,8961
2009,9,RONDONIA,-10.37548679,-63.54201858,2422
2009,9,RORAIMA,2.284155405,-60.32289189,148
2009,9,TOCANTINS,-7.142410448,-48.59619403,134
2009,10,ACRE,-9.776344538,-69.14236975,952
2009,10,AMAPA,1.597557308,-51.29915457,951
2009,10,AMAZONAS,-4.756195932,-61.08847821,2409
2009,10,MARANHAO,-4.14460373,-46.05489161,858
2009,10,MATO GROSSO,-11.29180198,-57.28633347,2429
2009,10,PARA,-3.490450445,-51.68173221,9444
2009,10,RONDONIA,-10.45997382,-63.42380471,1910
2009,10,RORAIMA,2.31643295,-60.33609195,261
2009,10,TOCANTINS,-6.275119266,-48.3647156,109
2009,11,ACRE,-8.48378,-71.69752,50
2009,11,AMAPA,1.165868161,-51.29149596,1115
2009,11,AMAZONAS,-3.318496439,-59.37982503,983
2009,11,MARANHAO,-3.797631737,-46.00681347,3340
2009,11,MATO GROSSO,-12.62784565,-57.19878478,460
2009,11,PARA,-2.792553865,-50.99326296,12485
2009,11,RONDONIA,-10.76257009,-63.01070561,214
2009,11,RORAIMA,1.696461929,-60.15750254,394
2009,11,TOCANTINS,-6.23468254,-48.43380952,63
2009,12,ACRE,-8.8615,-70.3585,2
2009,12,AMAPA,0.000529412,-51.45075735,136
2009,12,AMAZONAS,-2.773992857,-59.59685,140
2009,12,MARANHAO,-2.897408981,-45.81101881,1648
2009,12,MATO GROSSO,-12.49949242,-55.81231061,132
2009,12,PARA,-2.305699115,-50.13639626,4068
2009,12,RONDONIA,-10.87816,-63.4198,25
2009,12,RORAIMA,2.181002865,-60.35104011,349
2009,12,TOCANTINS,-6.7752,-48.5882,5
2010,1,ACRE,-10.302,-67.533,1
2010,1,AMAPA,-0.77375,-52.4325,4
2010,1,AMAZONAS,-1.542494624,-64.55031183,93
2010,1,MARANHAO,-3.270241379,-45.97618391,261
2010,1,MATO GROSSO,-12.75595775,-55.71746479,142
2010,1,PARA,-2.620008559,-49.80676748,701
2010,1,RONDONIA,-11.72542308,-62.41992308,26
2010,1,RORAIMA,2.390107221,-60.86884902,457
2010,1,TOCANTINS,-7.01375,-48.69058333,12
2010,2,AMAZONAS,-0.492684211,-64.74611842,76
2010,2,MARANHAO,-3.892181818,-46.48309091,11
2010,2,MATO GROSSO,-12.64705283,-55.36573208,265
2010,2,PARA,-3.394020408,-50.3592585,147
2010,2,RONDONIA,-11.22255556,-62.54577778,9
2010,2,RORAIMA,2.717856467,-61.04724132,634
2010,2,TOCANTINS,-7.087,-48.5482,5
2010,3,ACRE,-10.955,-68.711,1
2010,3,AMAPA,1.129,-52.073,3
2010,3,AMAZONAS,-2.528640625,-63.655,64
2010,3,MARANHAO,-3.727714286,-46.31375,28
2010,3,MATO GROSSO,-12.60990104,-55.23902344,384
2010,3,PARA,-3.007113475,-50.47857447,141
2010,3,RONDONIA,-12.32453846,-61.24330769,13
2010,3,RORAIMA,2.216238806,-60.64757649,536
2010,3,TOCANTINS,-6.7625,-48.4525,6
2010,4,ACRE,-8.582,-71.3754,10
2010,4,AMAZONAS,-6.053222222,-68.23266667,9
2010,4,MATO GROSSO,-12.42808637,-55.61732246,521
2010,4,PARA,-7.9166,-52.29293333,30
2010,4,RONDONIA,-11.02764286,-62.25388095,42
2010,4,RORAIMA,3.094684211,-60.794,19
2010,4,TOCANTINS,-6.2675,-48.803,2
2010,5,ACRE,-9.372484848,-70.34363636,33
2010,5,AMAPA,1.7925,-50.8335,2
2010,5,AMAZONAS,-5.719297297,-65.39697297,37
2010,5,MARANHAO,-3.1498,-45.1186,5
2010,5,MATO GROSSO,-12.1446671,-55.15956387,775
2010,5,PARA,-5.823876289,-50.29942268,97
2010,5,RONDONIA,-11.0448,-62.85834286,70
2010,5,RORAIMA,3.144,-61.13433333,6
2010,5,TOCANTINS,-7.519,-49.043,1
2010,6,ACRE,-8.786853659,-71.01704878,41
2010,6,AMAZONAS,-5.546292035,-62.36937168,113
2010,6,MARANHAO,-3.85869697,-45.992,33
2010,6,MATO GROSSO,-11.91350383,-55.45748851,1044
2010,6,PARA,-5.872709751,-50.24829025,441
2010,6,RONDONIA,-10.66597758,-62.80370404,223
2010,6,RORAIMA,2.568,-60.195,1
2010,6,TOCANTINS,-7.6282,-48.45073333,15
2010,7,ACRE,-9.271190476,-69.55575714,210
2010,7,AMAPA,0.717,-51.22633333,3
2010,7,AMAZONAS,-6.764531726,-63.53233376,788
2010,7,MARANHAO,-3.80837931,-45.93383621,116
2010,7,MATO GROSSO,-11.22673379,-55.67620367,1743
2010,7,PARA,-6.205225182,-51.18072058,2065
2010,7,RONDONIA,-10.08367164,-63.2235465,871
2010,7,RORAIMA,2.9245,-60.5195,2
2010,7,TOCANTINS,-6.951357143,-48.46045714,70
2010,8,ACRE,-8.888890262,-70.39072384,2752
2010,8,AMAPA,0.302,-51.621,2
2010,8,AMAZONAS,-6.976929291,-63.79118666,5261
2010,8,MARANHAO,-4.245672872,-46.11142819,376
2010,8,MATO GROSSO,-11.10380211,-56.17680537,8909
2010,8,PARA,-7.267769064,-52.09252595,21677
2010,8,RONDONIA,-10.56560928,-62.86806193,5797
2010,8,RORAIMA,2.334142857,-60.27942857,7
2010,8,TOCANTINS,-6.878877637,-48.51881857,237
2010,9,ACRE,-9.408152286,-69.51527654,5030
2010,9,AMAPA,1.247666667,-51.14897222,72
2010,9,AMAZONAS,-6.698360358,-64.07209351,4021
2010,9,MARANHAO,-4.385760063,-46.17059116,1267
2010,9,MATO GROSSO,-11.25200127,-55.70459893,10270
2010,9,PARA,-6.806031145,-51.43476414,15187
2010,9,RONDONIA,-10.73841918,-63.32128077,7572
2010,9,RORAIMA,2.212259259,-60.80403704,27
2010,9,TOCANTINS,-6.856965092,-48.52965914,487
2010,10,ACRE,-9.53609369,-69.32455449,523
2010,10,AMAPA,1.55851676,-51.24576536,358
2010,10,AMAZONAS,-4.820307828,-61.85126385,1137
2010,10,MARANHAO,-3.87354218,-46.00714787,1055
2010,10,MATO GROSSO,-11.8317704,-56.77980285,3297
2010,10,PARA,-4.33621958,-51.10975773,6435
2010,10,RONDONIA,-10.95641754,-63.09077875,1722
2010,10,RORAIMA,2.919149425,-60.96485057,87
2010,10,TOCANTINS,-6.719032609,-48.50442391,184
2010,11,ACRE,-9.916534483,-68.68736207,58
2010,11,AMAPA,1.420993878,-51.39749184,490
2010,11,AMAZONAS,-3.7153475,-60.10672,400
2010,11,MARANHAO,-3.85477025,-45.89528123,2642
2010,11,MATO GROSSO,-12.13563298,-56.11217376,564
2010,11,PARA,-2.840441676,-50.78050994,7544
2010,11,RONDONIA,-11.36931339,-63.02083191,351
2010,11,RORAIMA,3.002358974,-60.46615385,39
2010,11,TOCANTINS,-6.930696203,-48.63316456,79
2010,12,ACRE,-9.9965,-69.292,2
2010,12,AMAPA,0.115151515,-51.68730303,66
2010,12,AMAZONAS,-3.931792857,-60.71556429,140
2010,12,MARANHAO,-3.126661569,-45.67278856,1504
2010,12,MATO GROSSO,-12.9146875,-56.82594866,448
2010,12,PARA,-2.311674112,-49.89497034,2731
2010,12,RONDONIA,-10.81025439,-63.03601316,228
2010,12,RORAIMA,2.900407767,-60.12847573,103
2010,12,TOCANTINS,-7.247777778,-48.73055556,18
2011,1,ACRE,-9.293,-70.729,2
2011,1,AMAZONAS,-1.52940678,-64.26650847,59
2011,1,MARANHAO,-2.435623762,-45.82349505,101
2011,1,MATO GROSSO,-13.0759,-55.7297625,80
2011,1,PARA,-2.450945205,-50.82079452,219
2011,1,RONDONIA,-12.021,-63.7815,2
2011,1,RORAIMA,2.969788274,-60.29767101,307
2011,1,TOCANTINS,-6.833,-48.667,1
2011,2,AMAPA,-0.008666667,-51.25533333,3
2011,2,AMAZONAS,-5.3565,-62.29466667,6
2011,2,MARANHAO,-4.43,-47.392,1
2011,2,MATO GROSSO,-12.63584706,-55.32483529,85
2011,2,PARA,-3.54796,-51.0136,25
2011,2,RONDONIA,-10.93654545,-62.58972727,11
2011,2,RORAIMA,3.351,-60.51189286,140
2011,3,AMAZONAS,-0.890217391,-65.68769565,23
2011,3,MARANHAO,-3.399,-46.72375,4
2011,3,MATO GROSSO,-12.3231422,-55.09403211,218
2011,3,PARA,-4.83425,-52.4035625,16
2011,3,RONDONIA,-10.57866667,-63.565,6
2011,3,RORAIMA,2.142044304,-60.50912658,158
2011,3,TOCANTINS,-7.3065,-48.4215,2
2011,4,ACRE,-7.81325,-72.7885,4
2011,4,AMAZONAS,-4.070571429,-63.28557143,7
2011,4,MARANHAO,-4.547,-46.239,3
2011,4,MATO GROSSO,-12.56063004,-55.49464103,273
2011,4,PARA,-2.5961,-54.2205,10
2011,4,RONDONIA,-11.76666667,-62.1225,12
2011,4,RORAIMA,3.070102564,-60.63416667,156
2011,5,ACRE,-10.83625,-68.705375,8
2011,5,AMAPA,1.4335,-50.741,2
2011,5,AMAZONAS,-4.48625,-63.47175,16
2011,5,MARANHAO,-3.663,-45.582375,8
2011,5,MATO GROSSO,-12.35828465,-55.59314604,404
2011,5,PARA,-3.010904762,-51.19690476,21
2011,5,RONDONIA,-11.27071186,-62.28879661,59
2011,5,RORAIMA,2.586,-60.33866667,9
2011,5,TOCANTINS,-5.301,-48.397,1
2011,6,ACRE,-8.137653846,-71.557,26
2011,6,AMAPA,0.115,-51.109,1
2011,6,AMAZONAS,-4.2446875,-60.43584375,32
2011,6,MARANHAO,-3.765264151,-45.83283019,53
2011,6,MATO GROSSO,-12.16290863,-55.58566497,591
2011,6,PARA,-4.180849246,-50.32467839,199
2011,6,RONDONIA,-10.99837278,-62.49590533,169
2011,6,RORAIMA,3.176777778,-60.71677778,9
2011,6,TOCANTINS,-7.660666667,-49.11466667,3
2011,7,ACRE,-9.4229,-69.42347692,130
2011,7,AMAPA,0.8135,-51.174,4
2011,7,AMAZONAS,-6.171854545,-61.84790606,330
2011,7,MARANHAO,-3.447494505,-45.60963736,91
2011,7,MATO GROSSO,-11.92373846,-55.09617115,520
2011,7,PARA,-4.288744141,-51.46606836,1024
2011,7,RONDONIA,-10.29923438,-62.90703125,320
2011,7,RORAIMA,3.0066,-60.412,10
2011,7,TOCANTINS,-6.8099375,-48.4978125,16
2011,8,ACRE,-8.816064234,-70.56479562,685
2011,8,AMAPA,0.90475,-51.06733333,12
2011,8,AMAZONAS,-6.421380428,-63.23227803,1543
2011,8,MARANHAO,-3.347247619,-45.60877143,105
2011,8,MATO GROSSO,-11.65027211,-56.57938079,1187
2011,8,PARA,-5.415911184,-53.44186711,3040
2011,8,RONDONIA,-10.09744109,-63.53300663,1358
2011,8,RORAIMA,2.990148936,-60.81491489,47
2011,8,TOCANTINS,-7.12288,-48.385,25
2011,9,ACRE,-9.187441946,-69.97667992,1912
2011,9,AMAPA,1.021114286,-51.08214286,140
2011,9,AMAZONAS,-6.134761811,-63.03273294,1524
2011,9,MARANHAO,-3.47629064,-45.86305911,406
2011,9,MATO GROSSO,-11.16465066,-56.20691652,3498
2011,9,PARA,-5.576687876,-51.85081308,6821
2011,9,RONDONIA,-10.69114036,-63.00465826,2458
2011,9,RORAIMA,3.214636364,-60.69268182,66
2011,9,TOCANTINS,-6.166932099,-48.35026543,162
2011,10,ACRE,-9.819924242,-68.68722348,264
2011,10,AMAPA,1.343220472,-51.36929396,381
2011,10,AMAZONAS,-4.677150474,-61.78080569,844
2011,10,MARANHAO,-3.958834459,-46.02944595,592
2011,10,MATO GROSSO,-11.40871394,-56.59650795,1636
2011,10,PARA,-3.93444333,-51.43575915,4588
2011,10,RONDONIA,-10.87660343,-63.24458548,1281
2011,10,RORAIMA,2.754666667,-60.34203704,81
2011,10,TOCANTINS,-6.783204301,-48.48226882,93
2011,11,ACRE,-9.350381579,-69.98979605,152
2011,11,AMAPA,0.776651106,-51.37637346,407
2011,11,AMAZONAS,-3.777346614,-60.35734263,502
2011,11,MARANHAO,-3.477748609,-45.77758422,1977
2011,11,MATO GROSSO,-12.50552448,-56.44360839,429
2011,11,PARA,-2.74765,-50.86265174,5760
2011,11,RONDONIA,-10.98039216,-63.37484314,357
2011,11,RORAIMA,1.622364641,-60.18364641,181
2011,11,TOCANTINS,-6.29228,-48.39488,50
2011,12,ACRE,-10.3295,-68.807125,8
2011,12,AMAPA,0.355289238,-51.31092377,446
2011,12,AMAZONAS,-3.359309859,-59.24671831,142
2011,12,MARANHAO,-3.170584709,-45.84888379,1635
2011,12,MATO GROSSO,-12.56921978,-56.03283516,182
2011,12,PARA,-2.264788223,-50.28090682,4840
2011,12,RONDONIA,-11.37773333,-63.10922222,45
2011,12,RORAIMA,2.574874598,-60.33259486,311
2011,12,TOCANTINS,-6.417608696,-48.59365217,23
2012,1,ACRE,-7.658,-73.085,1
2012,1,AMAPA,-0.372823529,-51.54267647,34
2012,1,AMAZONAS,-3.970125,-61.079125,8
2012,1,MARANHAO,-2.814675497,-45.75198344,302
2012,1,MATO GROSSO,-13.45564557,-57.08794937,79
2012,1,PARA,-2.085464419,-49.78662734,534
2012,1,RONDONIA,-11.388,-62.02433333,6
2012,1,RORAIMA,3.29934728,-60.49507531,239
2012,2,AMAPA,0.659375,-51.547625,8
2012,2,AMAZONAS,-2.68825,-64.727875,8
2012,2,MARANHAO,-3.441,-46.34974074,27
2012,2,MATO GROSSO,-12.60863433,-55.04417164,134
2012,2,PARA,-2.559371795,-49.51184615,78
2012,2,RONDONIA,-10.93644444,-63.44988889,9
2012,2,RORAIMA,2.722267442,-60.64462209,172
2012,2,TOCANTINS,-7.2825,-48.501,2
2012,3,AMAPA,0.459333333,-51.681,3
2012,3,AMAZONAS,-4.8516,-64.5008,5
2012,3,MARANHAO,-3.5522,-45.9836,5
2012,3,MATO GROSSO,-12.64890438,-55.51350199,251
2012,3,PARA,-3.6855,-50.2895,16
2012,3,RONDONIA,-12.18865,-61.69205,20
2012,3,RORAIMA,3.083956284,-60.63824044,183
2012,3,TOCANTINS,-6.998,-49.088,1
2012,4,ACRE,-10.511,-68.31433333,3
2012,4,AMAPA,1.6565,-50.9915,2
2012,4,AMAZONAS,-5.77175,-66.893875,8
2012,4,MARANHAO,-4.0035,-46.0955,2
2012,4,MATO GROSSO,-12.60717033,-55.04016209,364
2012,4,PARA,-5.32525,-51.62870833,24
2012,4,RONDONIA,-11.61671429,-62.66414286,21
2012,4,RORAIMA,3.381714286,-60.58440816,49
2012,5,ACRE,-10.146,-68.79746667,15
2012,5,AMAPA,1.752666667,-50.806,3
2012,5,AMAZONAS,-3.589266667,-60.377,15
2012,5,MARANHAO,-3.31475,-45.508,24
2012,5,MATO GROSSO,-12.06609487,-55.02313841,643
2012,5,PARA,-4.045336735,-50.4160102,98
2012,5,RONDONIA,-11.22845714,-62.75905714,35
2012,5,RORAIMA,2.909714286,-60.77385714,21
2012,5,TOCANTINS,-6.868,-49.092,1
2012,6,ACRE,-8.425333333,-71.62825,12
2012,6,AMAPA,1.164,-50.993625,8
2012,6,AMAZONAS,-3.96187931,-60.82475862,58
2012,6,MARANHAO,-3.769064516,-46.05254839,31
2012,6,MATO GROSSO,-11.94575109,-55.01992847,1370
2012,6,PARA,-4.287740984,-50.57228852,305
2012,6,RONDONIA,-10.8612,-62.44665455,55
2012,6,RORAIMA,2.947310345,-60.68217241,29
2012,6,TOCANTINS,-7.559285714,-48.52942857,7
2012,7,ACRE,-9.090037879,-70.1829697,132
2012,7,AMAPA,1.870333333,-50.94183333,6
2012,7,AMAZONAS,-6.161186709,-61.96960127,316
2012,7,MARANHAO,-3.704518797,-45.59597744,133
2012,7,MATO GROSSO,-11.74721255,-55.46118075,1195
2012,7,PARA,-5.026662824,-51.65729395,1041
2012,7,RONDONIA,-10.63907905,-62.81374308,253
2012,7,RORAIMA,2.755333333,-60.681,3
2012,7,TOCANTINS,-7.220625,-48.4389375,16
2012,8,ACRE,-8.862952381,-70.63232875,1092
2012,8,AMAPA,0.864,-51.0896129,31
2012,8,AMAZONAS,-6.903484237,-62.44859845,3616
2012,8,MARANHAO,-4.530366812,-46.0926754,687
2012,8,MATO GROSSO,-11.16993069,-56.74370015,3405
2012,8,PARA,-6.082138307,-53.34447317,9168
2012,8,RONDONIA,-9.915968372,-63.42619953,2561
2012,8,RORAIMA,2.87375,-60.497,8
2012,8,TOCANTINS,-6.800193277,-48.43740336,119
2012,9,ACRE,-9.259102289,-69.99026931,2796
2012,9,AMAPA,1.755080925,-51.15543931,173
2012,9,AMAZONAS,-6.870559136,-63.91569572,2731
2012,9,MARANHAO,-4.528342884,-46.15070201,1047
2012,9,MATO GROSSO,-11.27638569,-56.15332135,5813
2012,9,PARA,-6.209192308,-52.006116,8190
2012,9,RONDONIA,-10.16454505,-63.42801656,3141
2012,9,RORAIMA,3.479337079,-60.62752809,89
2012,9,TOCANTINS,-6.950126437,-48.45594253,87
2012,10,ACRE,-9.855041467,-68.9754689,627
2012,10,AMAPA,1.706017153,-51.26864151,583
2012,10,AMAZONAS,-4.457121968,-61.26397237,1484
2012,10,MARANHAO,-4.125739106,-45.97431013,1767
2012,10,MATO GROSSO,-11.43185209,-56.87043603,2204
2012,10,PARA,-3.88991036,-51.62149765,5946
2012,10,RONDONIA,-10.48149196,-63.43550429,1866
2012,10,RORAIMA,2.496656716,-60.5221592,201
2012,10,TOCANTINS,-6.870808824,-48.63149265,136
2012,11,ACRE,-9.790102564,-69.04615385,39
2012,11,AMAPA,1.437376837,-51.17019274,1157
2012,11,AMAZONAS,-3.380004005,-59.3696996,749
2012,11,MARANHAO,-3.425991049,-45.83824233,1564
2012,11,MATO GROSSO,-12.16749684,-56.90703165,316
2012,11,PARA,-2.678614023,-51.01447503,8871
2012,11,RONDONIA,-10.52332103,-62.94867528,271
2012,11,RORAIMA,2.324867704,-60.40139689,257
2012,11,TOCANTINS,-6.408542857,-48.43685714,35
2012,12,ACRE,-10.599,-68.34066667,3
2012,12,AMAPA,1.699852941,-50.98348824,510
2012,12,AMAZONAS,-3.400474138,-60.1759569,116
2012,12,MARANHAO,-2.962501504,-45.72951429,1330
2012,12,MATO GROSSO,-12.27891922,-55.39072145,359
2012,12,PARA,-2.039100678,-49.72957492,2950
2012,12,RONDONIA,-10.79521622,-63.27755405,74
2012,12,RORAIMA,2.468472,-60.331808,125
2012,12,TOCANTINS,-6.8835,-48.504,2
2013,1,AMAPA,0.105,-51.247,2
2013,1,AMAZONAS,-1.674860465,-64.18967442,43
2013,1,MARANHAO,-3.036095,-45.763495,200
2013,1,MATO GROSSO,-12.67327972,-55.81929371,143
2013,1,PARA,-2.547838488,-49.4462543,291
2013,1,RONDONIA,-10.8024375,-63.362,16
2013,1,RORAIMA,2.612896266,-60.51916183,482
2013,1,TOCANTINS,-7.08575,-48.68925,4
2013,2,AMAPA,0.0525,-52.101,2
2013,2,AMAZONAS,-4.0205,-61.329,4
2013,2,MARANHAO,-3.137545455,-45.87004545,22
2013,2,MATO GROSSO,-12.21720455,-55.32745,220
2013,2,PARA,-3.684510638,-50.16255319,47
2013,2,RONDONIA,-10.88825,-62.687,8
2013,2,RORAIMA,2.569647887,-60.52326761,71
2013,3,AMAPA,1.328,-52.016,1
2013,3,AMAZONAS,-2.949826087,-63.73,23
2013,3,MARANHAO,-3.862,-45.652,2
2013,3,MATO GROSSO,-12.43337215,-55.09446835,395
2013,3,PARA,-4.75,-51.5501,20
2013,3,RONDONIA,-11.7233,-61.97416667,30
2013,3,RORAIMA,2.800464151,-60.88367547,265
2013,3,TOCANTINS,-6.978,-48.597,2
2013,4,ACRE,-10.0646087,-69.32845652,46
2013,4,AMAPA,-0.1235,-51.5945,2
2013,4,AMAZONAS,-3.545576923,-64.36369231,26
2013,4,MARANHAO,-4.6655,-46.7275,6
2013,4,MATO GROSSO,-12.43158955,-54.88127612,268
2013,4,PARA,-5.631344828,-50.61448276,29
2013,4,RONDONIA,-10.69392593,-63.17551852,27
2013,4,RORAIMA,3.07620354,-60.86609735,113
2013,4,TOCANTINS,-8.805,-48.522,1
2013,5,ACRE,-9.119272727,-70.88981818,11
2013,5,AMAPA,-0.907,-52.25,1
2013,5,AMAZONAS,-3.444428571,-62.51442857,21
2013,5,MARANHAO,-3.82675,-46.2039375,16
2013,5,MATO GROSSO,-12.10475625,-55.01055625,640
2013,5,PARA,-4.7095,-50.66106757,74
2013,5,RONDONIA,-11.11673684,-63.04257895,19
2013,5,RORAIMA,3.482833333,-61.07066667,6
2013,5,TOCANTINS,-6.758,-48.426,8
2013,6,ACRE,-8.731421053,-71.09194737,19
2013,6,AMAPA,0.927333333,-51.58516667,6
2013,6,AMAZONAS,-3.397814815,-60.4524321,81
2013,6,MARANHAO,-3.243927273,-45.57590909,55
2013,6,MATO GROSSO,-11.8757744,-55.1116551,922
2013,6,PARA,-3.826965944,-50.48706192,323
2013,6,RONDONIA,-11.47425,-62.06321875,32
2013,6,RORAIMA,2.711833333,-60.69766667,6
2013,6,TOCANTINS,-8.027333333,-48.57166667,6
2013,7,ACRE,-9.16405102,-69.96577551,98
2013,7,AMAPA,-0.901,-51.908,1
2013,7,AMAZONAS,-4.334359331,-62.13291086,359
2013,7,MARANHAO,-3.655175676,-45.593,74
2013,7,MATO GROSSO,-11.93753711,-55.47643848,1024
2013,7,PARA,-3.949010088,-50.2142169,793
2013,7,RONDONIA,-10.7676478,-62.63127044,159
2013,7,RORAIMA,3.5955,-60.03725,4
2013,7,TOCANTINS,-7.534526316,-48.44668421,19
2013,8,ACRE,-9.136119617,-70.03669761,1045
2013,8,AMAPA,0.820277778,-51.00072222,18
2013,8,AMAZONAS,-5.734652701,-63.27906461,1981
2013,8,MARANHAO,-3.415717314,-45.43301413,283
2013,8,MATO GROSSO,-11.28148346,-56.20645921,1814
2013,8,PARA,-5.791936023,-52.39931547,3173
2013,8,RONDONIA,-10.58959891,-62.97070417,1102
2013,8,RORAIMA,2.503,-61.302,4
2013,8,TOCANTINS,-8.023958333,-48.60675,24
2013,9,ACRE,-9.429270489,-69.80707775,3331
2013,9,AMAPA,1.034293651,-51.10899206,126
2013,9,AMAZONAS,-6.443140653,-63.94769056,2204
2013,9,MARANHAO,-3.577912596,-45.82390231,389
2013,9,MATO GROSSO,-10.97167852,-56.49362049,3739
2013,9,PARA,-5.963970204,-51.52551822,4363
2013,9,RONDONIA,-10.25712945,-63.39935518,2472
2013,9,RORAIMA,3.150102564,-60.74192308,39
2013,9,TOCANTINS,-7.300512195,-48.66377236,123
2013,10,ACRE,-9.851207547,-69.06030818,318
2013,10,AMAPA,1.565996429,-51.27761786,560
2013,10,AMAZONAS,-4.009236437,-60.61452389,1235
2013,10,MARANHAO,-4.203155612,-46.04261735,784
2013,10,MATO GROSSO,-11.80739431,-56.15022749,1055
2013,10,PARA,-3.603867695,-51.25422868,5510
2013,10,RONDONIA,-10.5613098,-62.92297647,510
2013,10,RORAIMA,2.106560345,-60.31113793,116
2013,10,TOCANTINS,-7.005779221,-48.58217532,154
2013,11,ACRE,-10.2695,-69.11375,108
2013,11,AMAPA,0.989530179,-51.28213703,613
2013,11,AMAZONAS,-3.177197674,-59.94062016,258
2013,11,MARANHAO,-3.5851274,-45.70547295,1146
2013,11,MATO GROSSO,-13.13409677,-56.44737717,403
2013,11,PARA,-2.401654006,-51.38622399,3844
2013,11,RONDONIA,-11.28093204,-62.88337864,103
2013,11,RORAIMA,2.459824,-60.142608,125
2013,11,TOCANTINS,-7.1504,-48.6008,15
2013,12,ACRE,-10.3225,-67.749,4
2013,12,AMAPA,0.449497462,-51.31032995,197
2013,12,AMAZONAS,-2.737631769,-60.26651986,277
2013,12,MARANHAO,-3.05469882,-45.74705482,1441
2013,12,MATO GROSSO,-12.18438647,-55.46897101,207
2013,12,PARA,-2.557521599,-50.82853056,5579
2013,12,RONDONIA,-10.57934815,-63.50152593,135
2013,12,RORAIMA,2.354054878,-60.18160366,164
2013,12,TOCANTINS,-6.267666667,-48.33088889,9
2014,1,AMAPA,0.23004,-51.41528,25
2014,1,AMAZONAS,-2.675028169,-62.41390141,71
2014,1,MARANHAO,-2.970075676,-45.84804324,185
2014,1,MATO GROSSO,-12.22505369,-54.95751007,149
2014,1,PARA,-2.134289474,-50.73591404,570
2014,1,RONDONIA,-10.266,-62.59172727,11
2014,1,RORAIMA,2.542520646,-60.56866786,557
2014,1,TOCANTINS,-6.5982,-48.349,5
2014,2,AMAPA,0.863,-52.1735,2
2014,2,AMAZONAS,-2.235764706,-65.50894118,17
2014,2,MATO GROSSO,-12.19161364,-55.63511364,88
2014,2,PARA,-5.627933333,-51.02513333,30
2014,2,RONDONIA,-11.69825,-61.9065,4
2014,2,RORAIMA,2.294430723,-60.72384337,332
2014,3,ACRE,-10.814,-68.389,1
2014,3,AMAPA,0.984,-51.03,2
2014,3,AMAZONAS,-0.854266667,-66.18043333,30
2014,3,MARANHAO,-4.3765,-47.2665,2
2014,3,MATO GROSSO,-12.21542733,-55.01093314,344
2014,3,PARA,-3.472235294,-53.28252941,17
2014,3,RONDONIA,-12.02863636,-61.62890909,11
2014,3,RORAIMA,2.240804312,-60.67172139,603
2014,4,ACRE,-10.77214286,-68.63028571,7
2014,4,AMAPA,0.366,-50.927,1
2014,4,AMAZONAS,-1.95365,-66.6985,20
2014,4,MARANHAO,-4.522,-47.162,1
2014,4,MATO GROSSO,-12.51448285,-55.01024538,379
2014,4,PARA,-3.226173913,-51.905,23
2014,4,RONDONIA,-11.6635625,-62.2081875,16
2014,4,RORAIMA,2.72089071,-60.92688525,183
2014,4,TOCANTINS,-6.3255,-48.0175,2
2014,5,ACRE,-7.767,-72.943,1
2014,5,AMAZONAS,-3.335411765,-64.41452941,17
2014,5,MARANHAO,-4.2055,-46.38975,8
2014,5,MATO GROSSO,-12.0647753,-54.76233198,494
2014,5,PARA,-5.840709091,-51.02770909,55
2014,5,RONDONIA,-12.20461538,-61.66165385,26
2014,5,RORAIMA,2.887746032,-60.82906349,63
2014,5,TOCANTINS,-8.035555556,-48.48755556,9
2014,6,ACRE,-9.159652174,-70.80343478,23
2014,6,AMAPA,-0.007,-51.1275,2
2014,6,AMAZONAS,-5.275863014,-61.65082192,73
2014,6,MARANHAO,-4.183727273,-46.69260606,33
2014,6,MATO GROSSO,-11.84245129,-55.37188511,1088
2014,6,PARA,-6.028151408,-51.26711972,284
2014,6,RONDONIA,-10.78742424,-62.61361616,99
2014,6,RORAIMA,3.262,-61.1898,5
2014,6,TOCANTINS,-7.543380952,-48.47038095,21
2014,7,ACRE,-9.447186813,-69.53875824,91
2014,7,AMAPA,1.536,-50.9132,5
2014,7,AMAZONAS,-5.225703557,-62.45589328,253
2014,7,MARANHAO,-4.106433962,-46.31109434,106
2014,7,MATO GROSSO,-11.73809171,-55.13713796,1254
2014,7,PARA,-5.182552276,-52.09783395,813
2014,7,RONDONIA,-10.93124272,-62.516,206
2014,7,RORAIMA,3.088777778,-60.88211111,9
2014,7,TOCANTINS,-6.648931034,-48.42837931,29
2014,8,ACRE,-9.010913698,-70.31544576,1263
2014,8,AMAPA,1.251842105,-51.16357895,19
2014,8,AMAZONAS,-6.730671754,-62.54185905,3604
2014,8,MARANHAO,-4.430458042,-46.08111538,286
2014,8,MATO GROSSO,-10.91457445,-56.83376323,3835
2014,8,PARA,-6.382998773,-53.65160955,8147
2014,8,RONDONIA,-9.946206193,-63.48886524,2842
2014,8,RORAIMA,3.0543125,-60.732,16
2014,8,TOCANTINS,-6.831623762,-48.39511881,101
2014,9,ACRE,-9.442101266,-69.71121203,2528
2014,9,AMAPA,1.394310559,-51.08141615,161
2014,9,AMAZONAS,-5.855619441,-62.95241868,3148
2014,9,MARANHAO,-4.007699758,-45.988523,413
2014,9,MATO GROSSO,-10.99542371,-56.4893473,4581
2014,9,PARA,-5.659311784,-52.11375121,6636
2014,9,RONDONIA,-10.213098,-63.33150499,2806
2014,9,RORAIMA,2.5445125,-61.34215,80
2014,9,TOCANTINS,-6.838272189,-48.50418935,169
2014,10,ACRE,-9.835539409,-69.72709606,406
2014,10,AMAPA,1.843623311,-51.33993412,592
2014,10,AMAZONAS,-4.049634761,-60.76047607,794
2014,10,MARANHAO,-4.277035418,-46.06653052,1327
2014,10,MATO GROSSO,-11.46489253,-55.66300994,2717
2014,10,PARA,-3.657343535,-51.54215895,6241
2014,10,RONDONIA,-10.65418814,-62.83988548,978
2014,10,RORAIMA,2.790507692,-60.52627692,65
2014,10,TOCANTINS,-6.966215686,-48.61155882,102
2014,11,ACRE,-10.42104286,-68.67505714,70
2014,11,AMAPA,1.115355283,-51.26713017,653
2014,11,AMAZONAS,-3.416336705,-59.74695231,692
2014,11,MARANHAO,-3.726487701,-45.90619358,1870
2014,11,MATO GROSSO,-12.01151977,-56.08700753,531
2014,11,PARA,-2.739199165,-51.44181158,7908
2014,11,RONDONIA,-11.03945989,-62.75644385,187
2014,11,RORAIMA,1.581786802,-60.10267513,197
2014,11,TOCANTINS,-6.500852459,-48.4957377,61
2014,12,ACRE,-9.759,-68.049125,8
2014,12,AMAPA,0.640805699,-51.19792746,386
2014,12,AMAZONAS,-3.042453287,-61.09664706,289
2014,12,MARANHAO,-3.041775632,-45.77461119,1502
2014,12,MATO GROSSO,-11.99859908,-55.89969585,217
2014,12,PARA,-2.270642857,-50.59301895,4802
2014,12,RONDONIA,-10.42003546,-62.89477305,141
2014,12,RORAIMA,1.937877751,-60.28828362,409
2014,12,TOCANTINS,-6.476,-48.33163158,19
2015,1,ACRE,-10.00466667,-67.696,3
2015,1,AMAPA,0.404888889,-51.25718519,27
2015,1,AMAZONAS,-2.281078947,-61.47939474,38
2015,1,MARANHAO,-2.994940928,-45.88491139,237
2015,1,MATO GROSSO,-12.24029384,-55.57529147,422
2015,1,PARA,-2.997270208,-51.28446882,866
2015,1,RONDONIA,-11.18045833,-62.37066667,24
2015,1,RORAIMA,2.455722628,-60.49701703,411
2015,1,TOCANTINS,-6.552142857,-48.37121429,14
2015,2,ACRE,-9.319,-70.8355,2
2015,2,AMAZONAS,-2.102507042,-63.7176338,71
2015,2,MARANHAO,-2.614631579,-45.56573684,38
2015,2,MATO GROSSO,-12.26640316,-55.28534783,253
2015,2,PARA,-3.607532609,-50.59236957,92
2015,2,RONDONIA,-10.61311765,-62.84364706,17
2015,2,RORAIMA,1.788929947,-60.51932925,571
2015,2,TOCANTINS,-7.781,-48.391,3
2015,3,ACRE,-8.161,-70.773,1
2015,3,AMAPA,1.912,-50.858,1
2015,3,AMAZONAS,-3.71512,-63.31284,25
2015,3,MARANHAO,-4.8082,-45.8734,5
2015,3,MATO GROSSO,-12.28188088,-54.93972727,319
2015,3,PARA,-5.180774194,-50.93319355,31
2015,3,RONDONIA,-12.6328,-61.7454,10
2015,3,RORAIMA,2.574268571,-60.53760571,175
2015,3,TOCANTINS,-5.816,-47.93,5
2015,4,ACRE,-10.18433333,-67.76966667,3
2015,4,AMAZONAS,-2.73375,-62.14475,20
2015,4,MARANHAO,-5.0742,-47.318,5
2015,4,MATO GROSSO,-12.22127296,-55.17254847,392
2015,4,PARA,-3.587909091,-51.27586364,22
2015,4,RONDONIA,-11.872,-62.34308333,12
2015,4,RORAIMA,2.401697068,-60.6841759,307
2015,4,TOCANTINS,-8.272,-49.062,1
2015,5,ACRE,-9.436,-70.9835,2
2015,5,AMAZONAS,-5.044636364,-62.89672727,11
2015,5,MARANHAO,-2.6655,-44.902,2
2015,5,MATO GROSSO,-12.08171168,-54.97588686,274
2015,5,PARA,-4.936190476,-50.30797619,84
2015,5,RONDONIA,-10.35753846,-63.32807692,13
2015,5,RORAIMA,3.215928571,-60.93785714,14
2015,5,TOCANTINS,-7.336857143,-48.72671429,7
2015,6,ACRE,-9.826761905,-69.35659524,42
2015,6,AMAPA,0.833,-51.3125,2
2015,6,AMAZONAS,-5.910382353,-63.5,34
2015,6,MARANHAO,-4.103869565,-46.60008696,46
2015,6,MATO GROSSO,-11.89630039,-55.5347561,779
2015,6,PARA,-5.431456432,-50.61070124,241
2015,6,RONDONIA,-10.452875,-63.31790833,120
2015,6,RORAIMA,1.7854,-60.5446,5
2015,6,TOCANTINS,-7.785166667,-48.81716667,18
2015,7,ACRE,-9.331076271,-69.46394915,118
2015,7,AMAPA,0.78175,-51.45725,4
2015,7,AMAZONAS,-6.305134247,-62.42793699,365
2015,7,MARANHAO,-3.760691489,-46.12328723,94
2015,7,MATO GROSSO,-11.86171508,-55.94309867,902
2015,7,PARA,-5.426712018,-51.56631746,882
2015,7,RONDONIA,-10.20871463,-63.25842206,417
2015,7,RORAIMA,2.6008,-60.5916,5
2015,7,TOCANTINS,-6.9956,-48.41453333,30
2015,8,ACRE,-9.182514163,-69.79554126,1624
2015,8,AMAPA,0.770230769,-51.121,26
2015,8,AMAZONAS,-7.147711216,-62.8854987,4235
2015,8,MARANHAO,-4.22528223,-46.1091777,287
2015,8,MATO GROSSO,-10.82519156,-57.09747209,2866
2015,8,PARA,-6.183224844,-53.28071715,7672
2015,8,RONDONIA,-9.819463195,-63.76946101,3668
2015,8,RORAIMA,2.568928571,-60.53064286,14
2015,8,TOCANTINS,-6.859987342,-48.44073418,79
2015,9,ACRE,-9.503576467,-69.61251034,2949
2015,9,AMAPA,1.3355,-51.11136364,198
2015,9,AMAZONAS,-5.761379696,-62.51505376,5004
2015,9,MARANHAO,-4.569711375,-46.3674652,589
2015,9,MATO GROSSO,-10.88028174,-56.66846333,5782
2015,9,PARA,-6.043779327,-52.55418608,9394
2015,9,RONDONIA,-10.10791264,-63.400528,5197
2015,9,RORAIMA,1.992302326,-60.39247674,86
2015,9,TOCANTINS,-6.949110236,-48.54993701,127
2015,10,ACRE,-9.955082237,-68.94210965,912
2015,10,AMAPA,1.729022654,-51.34922114,927
2015,10,AMAZONAS,-4.654615316,-61.10520331,2233
2015,10,MARANHAO,-4.357107547,-46.13234591,1590
2015,10,MATO GROSSO,-11.50312805,-56.68244393,3647
2015,10,PARA,-4.031791164,-51.66892004,7379
2015,10,RONDONIA,-10.50081767,-63.30833104,2468
2015,10,RORAIMA,2.404675258,-60.63830412,194
2015,10,TOCANTINS,-6.873403361,-48.5077395,119
2015,11,ACRE,-9.681886957,-69.20030435,115
2015,11,AMAPA,0.961133427,-51.23997402,1424
2015,11,AMAZONAS,-4.129424642,-60.55437184,909
2015,11,MARANHAO,-3.608167902,-45.94578849,2293
2015,11,MATO GROSSO,-12.15452398,-56.95308718,1147
2015,11,PARA,-2.803447511,-51.26871287,9783
2015,11,RONDONIA,-10.61970699,-63.20255161,901
2015,11,RORAIMA,1.619533557,-60.25932215,298
2015,11,TOCANTINS,-6.842553846,-48.56,65
2015,12,ACRE,-9.982375,-69.368,8
2015,12,AMAPA,0.094131498,-51.46185627,327
2015,12,AMAZONAS,-2.711305907,-59.93367722,474
2015,12,MARANHAO,-3.351852337,-45.9671197,2289
2015,12,MATO GROSSO,-11.97404657,-55.60722181,816
2015,12,PARA,-2.723575767,-50.91213471,6718
2015,12,RONDONIA,-10.75812791,-62.95076357,258
2015,12,RORAIMA,1.925798387,-60.51023387,372
2015,12,TOCANTINS,-7.110756098,-48.63407317,41
2016,1,ACRE,-8.965769231,-70.83807692,13
2016,1,AMAPA,0.02125,-51.345125,16
2016,1,AMAZONAS,-1.069449541,-62.66500153,654
2016,1,MARANHAO,-2.863350694,-45.81586111,288
2016,1,MATO GROSSO,-12.58479012,-56.68815432,162
2016,1,PARA,-2.414819473,-52.76287221,1479
2016,1,RONDONIA,-11.09614118,-63.01558824,85
2016,1,RORAIMA,1.706838611,-60.7180572,1958
2016,1,TOCANTINS,-7.456,-48.788,2
2016,2,ACRE,-9.279,-70.8775,2
2016,2,AMAPA,0.334,-50.867,1
2016,2,AMAZONAS,-1.028083333,-62.98928571,252
2016,2,MARANHAO,-4.160209091,-46.53350909,110
2016,2,MATO GROSSO,-12.02282375,-55.17927586,522
2016,2,PARA,-4.253681081,-51.2402027,370
2016,2,RONDONIA,-10.70188732,-62.82242254,71
2016,2,RORAIMA,1.668518919,-60.70179459,185
2016,2,TOCANTINS,-7.4295,-48.7753913,46
2016,3,AMAZONAS,-0.227514286,-63.0853619,105
2016,3,MARANHAO,-4.4175,-47.1455,2
2016,3,MATO GROSSO,-12.26669716,-55.01502524,634
2016,3,PARA,-6.133962264,-51.12984906,53
2016,3,RONDONIA,-11.54386667,-61.99143333,30
2016,3,RORAIMA,2.175200837,-61.13133473,1195
2016,3,TOCANTINS,-7.0886,-48.8024,5
2016,4,ACRE,-7.994,-72.383,1
2016,4,AMAZONAS,-2.812461538,-63.89284615,13
2016,4,MARANHAO,-4.14725,-46.420125,8
2016,4,MATO GROSSO,-12.22104994,-55.17497823,781
2016,4,PARA,-7.462098039,-50.96041176,51
2016,4,RONDONIA,-11.72875,-61.97878571,56
2016,4,RORAIMA,2.386603896,-60.75842857,154
2016,4,TOCANTINS,-6.957818182,-48.64990909,11
2016,5,ACRE,-9.676652174,-69.39143478,23
2016,5,AMAPA,0.874333333,-51.51266667,3
2016,5,AMAZONAS,-4.504538462,-62.93011538,26
2016,5,MARANHAO,-3.85536,-46.23928,25
2016,5,MATO GROSSO,-11.9083039,-55.01628014,589
2016,5,PARA,-5.713175676,-50.97356081,148
2016,5,RONDONIA,-10.80994231,-63.37048077,52
2016,5,RORAIMA,2.156272727,-60.51936364,22
2016,5,TOCANTINS,-6.970142857,-48.34328571,7
2016,6,ACRE,-8.985158416,-70.22175248,101
2016,6,AMAPA,-0.1555,-51.5675,2
2016,6,AMAZONAS,-5.800583333,-63.56429762,84
2016,6,MARANHAO,-3.951511905,-45.92602381,84
2016,6,MATO GROSSO,-11.73698536,-55.45119766,683
2016,6,PARA,-4.432153242,-50.07206287,509
2016,6,RONDONIA,-10.54418391,-62.96817816,174
2016,6,RORAIMA,1.6937,-60.8543,10
2016,6,TOCANTINS,-7.611375,-48.7400625,16
2016,7,ACRE,-9.139431973,-69.77319728,588
2016,7,AMAPA,0.585,-50.99,1
2016,7,AMAZONAS,-6.837808648,-63.42771021,1087
2016,7,MARANHAO,-4.254341991,-45.88641558,231
2016,7,MATO GROSSO,-11.53419172,-55.99486239,1497
2016,7,PARA,-5.368946305,-52.20225346,1732
2016,7,RONDONIA,-10.23750264,-63.51787117,947
2016,7,RORAIMA,3.374,-60.861,1
2016,7,TOCANTINS,-7.217583333,-48.63538889,36
2016,8,ACRE,-8.951817498,-70.21244339,2526
2016,8,AMAPA,1.170666667,-50.90694872,39
2016,8,AMAZONAS,-6.907366922,-64.02166566,3652
2016,8,MARANHAO,-4.203288991,-45.89126606,436
2016,8,MATO GROSSO,-10.98747935,-56.54499098,2881
2016,8,PARA,-6.040432594,-53.06614928,5185
2016,8,RONDONIA,-10.29752722,-63.68399408,3545
2016,8,RORAIMA,2.143764706,-60.72852941,17
2016,8,TOCANTINS,-7.106016949,-48.54062712,59
2016,9,ACRE,-9.376113642,-69.65682734,3863
2016,9,AMAPA,1.425793333,-51.00227333,150
2016,9,AMAZONAS,-7.309969838,-64.74926679,2785
2016,9,MARANHAO,-3.96604918,-46.02454754,305
2016,9,MATO GROSSO,-10.66245115,-57.15739206,5466
2016,9,PARA,-5.678664518,-51.67272898,3878
2016,9,RONDONIA,-10.22113056,-63.4410373,3914
2016,9,RORAIMA,3.214666667,-61.26372222,18
2016,9,TOCANTINS,-7.309604938,-48.76538272,81
2016,10,ACRE,-9.838025243,-69.3190835,515
2016,10,AMAPA,1.619620098,-51.22834314,816
2016,10,AMAZONAS,-5.122624673,-62.22199059,1913
2016,10,MARANHAO,-4.25383847,-46.03069288,941
2016,10,MATO GROSSO,-11.53086826,-56.32591551,1799
2016,10,PARA,-4.132358415,-51.61921011,5954
2016,10,RONDONIA,-10.28471814,-63.08897794,2040
2016,10,RORAIMA,2.572588785,-61.00721495,107
2016,10,TOCANTINS,-6.995818792,-48.56924161,149
2016,11,ACRE,-9.589586957,-69.25132609,46
2016,11,AMAPA,0.965282609,-51.33070471,1104
2016,11,AMAZONAS,-3.83421328,-60.85857143,497
2016,11,MARANHAO,-3.792467961,-45.76182589,1545
2016,11,MATO GROSSO,-11.99262862,-55.7586558,552
2016,11,PARA,-2.796966776,-51.22584537,7314
2016,11,RONDONIA,-10.43662287,-63.24311679,411
2016,11,RORAIMA,2.754217391,-60.40913043,69
2016,11,TOCANTINS,-6.654611111,-48.47723611,72
2016,12,ACRE,-9.6055,-70.013,6
2016,12,AMAPA,0.677278618,-51.28596328,463
2016,12,AMAZONAS,-4.543266667,-61.53904762,105
2016,12,MARANHAO,-2.90821511,-45.57565477,953
2016,12,MATO GROSSO,-12.12991481,-55.80768148,270
2016,12,PARA,-2.145816454,-50.77810062,3051
2016,12,RONDONIA,-10.8280146,-63.47871533,137
2016,12,RORAIMA,2.460365672,-60.55079851,134
2016,12,TOCANTINS,-7.2414,-48.7144,5
2017,1,AMAPA,-0.029,-51.6945,2
2017,1,AMAZONAS,-4.001951613,-61.99116129,62
2017,1,MARANHAO,-3.444586667,-45.94296,75
2017,1,MATO GROSSO,-12.45658966,-55.51795862,290
2017,1,PARA,-3.269305164,-51.68315023,213
2017,1,RONDONIA,-10.0177907,-63.32267442,43
2017,1,RORAIMA,3.511935185,-60.49567593,108
2017,1,TOCANTINS,-6.945,-48.68233333,3
2017,2,ACRE,-7.619,-72.59375,4
2017,2,AMAZONAS,-0.522095238,-66.23747619,21
2017,2,MARANHAO,-3.1536,-45.8702,5
2017,2,MATO GROSSO,-12.40968041,-55.903,194
2017,2,PARA,-3.184714286,-49.95864286,14
2017,2,RONDONIA,-12.06906667,-61.76266667,15
2017,2,RORAIMA,2.358887097,-60.38437097,124
2017,2,TOCANTINS,-7.013,-48.437,2
2017,3,AMAZONAS,-3.330041667,-65.00533333,24
2017,3,MATO GROSSO,-12.29077088,-55.49843198,419
2017,3,PARA,-6.279111111,-51.36911111,18
2017,3,RONDONIA,-12.40922727,-61.57486364,22
2017,3,RORAIMA,2.277478088,-60.74298805,251
2017,3,TOCANTINS,-6.6635,-48.6435,2
2017,4,ACRE,-7.777,-72.727,1
2017,4,AMAPA,0.115666667,-51.39533333,3
2017,4,AMAZONAS,-2.822133333,-61.42466667,15
2017,4,MARANHAO,-4.17825,-46.39775,4
2017,4,MATO GROSSO,-12.29119214,-55.10432314,458
2017,4,PARA,-4.616571429,-52.34771429,42
2017,4,RONDONIA,-11.53595,-62.0406,20
2017,4,RORAIMA,3.12192,-60.80546667,75
2017,5,ACRE,-9.958111111,-69.75111111,9
2017,5,AMAPA,0.3895,-51.046,2
2017,5,AMAZONAS,-4.401393939,-62.04551515,33
2017,5,MARANHAO,-3.537375,-46.17625,8
2017,5,MATO GROSSO,-12.16613937,-55.08837805,574
2017,5,PARA,-4.508024793,-50.54442149,121
2017,5,RONDONIA,-11.283,-62.37217241,29
2017,5,RORAIMA,2.379222222,-60.76496296,27
2017,5,TOCANTINS,-7.1775,-48.5695,2
2017,6,ACRE,-8.36074359,-71.52176923,39
2017,6,AMAPA,0.2115,-51.638,2
2017,6,AMAZONAS,-5.479315789,-62.47811579,95
2017,6,MARANHAO,-3.958788732,-46.18361972,71
2017,6,MATO GROSSO,-11.75790293,-55.01377878,886
2017,6,PARA,-4.663127572,-50.39679424,486
2017,6,RONDONIA,-10.27921053,-63.00611184,152
2017,6,RORAIMA,2.5135,-60.648,4
2017,6,TOCANTINS,-7.456166667,-48.72216667,24
2017,7,ACRE,-8.983364641,-70.30217956,362
2017,7,AMAPA,0.474333333,-51.01233333,3
2017,7,AMAZONAS,-6.580610821,-62.71003651,1534
2017,7,MARANHAO,-3.4875625,-45.55720139,288
2017,7,MATO GROSSO,-11.43918589,-55.5517674,1049
2017,7,PARA,-4.78712013,-52.064773,3696
2017,7,RONDONIA,-9.992779104,-63.70747761,1005
2017,7,RORAIMA,0.385333333,-59.97433333,3
2017,7,TOCANTINS,-7.039086957,-48.42284783,46
2017,8,ACRE,-8.884929439,-70.40403945,1318
2017,8,AMAPA,1.110928571,-51.09489286,28
2017,8,AMAZONAS,-6.695867724,-62.52664177,4793
2017,8,MARANHAO,-3.547867257,-45.77791593,226
2017,8,MATO GROSSO,-10.38087765,-57.56641819,2738
2017,8,PARA,-6.070297688,-53.14944619,8781
2017,8,RONDONIA,-9.772764797,-63.5740746,3244
2017,8,RORAIMA,3.229272727,-60.64409091,33
2017,8,TOCANTINS,-7.294289157,-48.60891566,83
2017,9,ACRE,-9.346336452,-69.74993323,3100
2017,9,AMAPA,1.487784091,-51.09196591,88
2017,9,AMAZONAS,-7.102460283,-64.27309294,3185
2017,9,MARANHAO,-4.51029923,-46.34181188,909
2017,9,MATO GROSSO,-10.79745723,-56.21547108,8453
2017,9,PARA,-6.638269336,-52.0853571,15735
2017,9,RONDONIA,-10.18145935,-63.4187208,4563
2017,9,RORAIMA,2.29305,-60.272475,40
2017,9,TOCANTINS,-6.950014113,-48.56705645,496
2017,10,ACRE,-9.864711111,-68.89805926,1350
2017,10,AMAPA,1.698893182,-51.35170227,440
2017,10,AMAZONAS,-5.450802521,-62.83588487,1190
2017,10,MARANHAO,-4.281826132,-46.04157613,972
2017,10,MATO GROSSO,-11.23103432,-56.09966555,2389
2017,10,PARA,-3.963020338,-52.05568516,6146
2017,10,RONDONIA,-10.59225464,-63.15080278,1724
2017,10,RORAIMA,2.97884,-60.47999333,150
2017,10,TOCANTINS,-6.762604167,-48.49501042,96
2017,11,ACRE,-10.12827451,-69.41716667,102
2017,11,AMAPA,0.690850823,-51.37058333,972
2017,11,AMAZONAS,-3.330720165,-60.91203909,486
2017,11,MARANHAO,-3.62587183,-45.91186361,1459
2017,11,MATO GROSSO,-11.86316446,-56.17624953,529
2017,11,PARA,-2.633540409,-51.18896504,9639
2017,11,RONDONIA,-10.40768558,-63.05182979,423
2017,11,RORAIMA,2.676990499,-60.4533658,421
2017,11,TOCANTINS,-6.708986486,-48.56845946,74
2017,12,ACRE,-8.9741,-70.7215,10
2017,12,AMAPA,0.336849754,-51.38980542,406
2017,12,AMAZONAS,-3.250708502,-59.46582186,247
2017,12,MARANHAO,-3.189116551,-45.88426663,1879
2017,12,MATO GROSSO,-12.32419512,-55.69570732,164
2017,12,PARA,-2.494184669,-50.92409367,4879
2017,12,RONDONIA,-10.60956897,-62.42725862,58
2017,12,RORAIMA,2.727802432,-60.45005167,329
2017,12,TOCANTINS,-5.878230769,-48.324,13
2018,1,AMAPA,0.095428571,-51.38821429,14
2018,1,AMAZONAS,-3.560326087,-63.2038913,46
2018,1,MARANHAO,-3.595769231,-46.15659615,156
2018,1,MATO GROSSO,-11.8892602,-55.10972959,196
2018,1,PARA,-3.103968284,-51.48527239,536
2018,1,RONDONIA,-10.83846667,-63.5844,15
2018,1,RORAIMA,2.127241667,-60.54911667,480
2018,1,TOCANTINS,-6.456,-48.34,1
2018,2,ACRE,-7.632,-72.7295,2
2018,2,AMAPA,2.524,-51.042,1
2018,2,AMAZONAS,-0.703946237,-65.17966667,93
2018,2,MARANHAO,-3.327333333,-45.79933333,3
2018,2,MATO GROSSO,-12.11994054,-55.25092973,185
2018,2,PARA,-1.976527778,-52.78711111,36
2018,2,RONDONIA,-11.61014286,-61.92771429,7
2018,2,RORAIMA,2.047026882,-60.62492473,558
2018,2,TOCANTINS,-7.808,-49.04466667,3
2018,3,ACRE,-7.73,-72.398,1
2018,3,AMAZONAS,-2.230944444,-64.00837037,54
2018,3,MARANHAO,-3.656909091,-46.17663636,11
2018,3,MATO GROSSO,-12.20522428,-55.26599177,486
2018,3,PARA,-5.720137255,-50.25856863,51
2018,3,RONDONIA,-10.45003571,-63.2915,28
2018,3,RORAIMA,2.13276066,-61.0244044,727
2018,3,TOCANTINS,-7.388,-48.302,1
2018,4,ACRE,-9.1524,-71.7332,5
2018,4,AMAPA,0.033,-51.061,1
2018,4,AMAZONAS,-3.325357143,-61.98592857,14
2018,4,MARANHAO,-5.532,-46.247,1
2018,4,MATO GROSSO,-12.36291786,-55.08243571,280
2018,4,PARA,-6.599692308,-51.99030769,13
2018,4,RONDONIA,-12.72428571,-62.33157143,7
2018,4,RORAIMA,2.699507853,-60.90339791,191
2018,4,TOCANTINS,-7.386,-48.301,1
2018,5,ACRE,-9.8695,-69.94007143,14
2018,5,AMAPA,0.934,-51.998,1
2018,5,AMAZONAS,-6.310526316,-61.65936842,19
2018,5,MARANHAO,-4.206714286,-46.64142857,14
2018,5,MATO GROSSO,-12.00228257,-54.82668697,591
2018,5,PARA,-6.361589744,-50.75110256,78
2018,5,RONDONIA,-11.63109756,-61.95007317,41
2018,5,RORAIMA,3.1831,-60.7852,10
2018,5,TOCANTINS,-6.39425,-48.649,4
2018,6,ACRE,-9.301121951,-70.03270732,41
2018,6,AMAPA,1.328,-51.405,3
2018,6,AMAZONAS,-5.831699187,-61.95057724,123
2018,6,MARANHAO,-4.228928571,-46.36075,56
2018,6,MATO GROSSO,-11.65038693,-55.41001325,1132
2018,6,PARA,-5.091066079,-51.00160352,454
2018,6,RONDONIA,-10.45192568,-63.26763514,148
2018,6,RORAIMA,3.9344,-60.7288,5
2018,6,TOCANTINS,-6.532222222,-48.24505556,18
2018,7,ACRE,-9.131986877,-69.56839108,381
2018,7,AMAPA,0.8335,-51.02575,4
2018,7,AMAZONAS,-7.201031204,-62.62199183,1346
2018,7,MARANHAO,-3.808884211,-45.82208421,95
2018,7,MATO GROSSO,-11.64411129,-56.11219967,1222
2018,7,PARA,-5.022072121,-51.71770506,929
2018,7,RONDONIA,-9.848890767,-63.55678934,769
2018,7,RORAIMA,3.522,-60.4835,4
2018,7,TOCANTINS,-6.520421053,-48.41418421,38
2018,8,ACRE,-8.765443713,-70.61271491,1368
2018,8,AMAPA,1.315526316,-51.07510526,38
2018,8,AMAZONAS,-7.402699884,-64.19616029,2589
2018,8,MARANHAO,-3.594046667,-45.98016667,150
2018,8,MATO GROSSO,-10.87748814,-57.39996,1475
2018,8,PARA,-5.709988497,-52.84674335,2782
2018,8,RONDONIA,-10.05849975,-63.55394481,1975
2018,8,RORAIMA,3.028857143,-60.31385714,7
2018,8,TOCANTINS,-6.59972973,-48.40448649,37
2018,9,ACRE,-9.313153916,-69.95278694,4379
2018,9,AMAPA,1.584252033,-51.08666667,123
2018,9,AMAZONAS,-7.245514002,-64.20989306,4928
2018,9,MARANHAO,-3.461197605,-45.86026347,167
2018,9,MATO GROSSO,-10.41651801,-57.83579526,4220
2018,9,PARA,-6.002094849,-52.97593868,4892
2018,9,RONDONIA,-9.987282328,-63.52416694,6032
2018,9,RORAIMA,2.512941176,-60.90829412,17
2018,9,TOCANTINS,-6.9524,-48.58255556,45
2018,10,ACRE,-10.10995332,-68.92600246,407
2018,10,AMAPA,1.835877408,-51.22805254,571
2018,10,AMAZONAS,-4.158267826,-60.89930377,1725
2018,10,MARANHAO,-3.908739437,-46.04422535,426
2018,10,MATO GROSSO,-11.29174385,-56.16797615,1300
2018,10,PARA,-3.729457836,-51.82380251,5028
2018,10,RONDONIA,-10.75765213,-63.27415314,986
2018,10,RORAIMA,3.163964539,-60.98446099,141
2018,10,TOCANTINS,-7.0374,-48.64162857,70
2018,11,ACRE,-9.280692308,-70.44042308,26
2018,11,AMAPA,1.144215556,-51.24958889,450
2018,11,AMAZONAS,-3.563836864,-60.11497034,472
2018,11,MARANHAO,-3.813150048,-45.82005712,1033
2018,11,MATO GROSSO,-12.22030483,-55.78741264,269
2018,11,PARA,-2.933455226,-51.16174936,6276
2018,11,RONDONIA,-10.46904545,-63.18329798,198
2018,11,RORAIMA,2.846458333,-60.39650833,120
2018,11,TOCANTINS,-6.507189189,-48.48827027,37
2018,12,ACRE,-9.281,-70.8805,2
2018,12,AMAZONAS,-3.615486486,-60.22575676,37
2018,12,MARANHAO,-3.284341246,-45.56091988,337
2018,12,MATO GROSSO,-12.8048,-56.18786792,265
2018,12,PARA,-3.175124378,-52.48397811,1005
2018,12,RONDONIA,-10.5516383,-63.58312766,47
2018,12,RORAIMA,3.68095935,-60.67118699,123
2018,12,TOCANTINS,-7.037,-48.62911538,26
2019,1,ACRE,-8.173,-70.358,1
2019,1,AMAPA,0.30925,-51.09025,4
2019,1,AMAZONAS,-2.182114286,-61.21885714,35
2019,1,MARANHAO,-2.793301115,-45.53820446,269
2019,1,MATO GROSSO,-12.31799405,-55.59118155,336
2019,1,PARA,-2.592374648,-51.68516056,355
2019,1,RONDONIA,-11.38960606,-62.70736364,33
2019,1,RORAIMA,2.983167102,-60.47574935,383
2019,1,TOCANTINS,-7.139,-48.88933333,3
2019,2,ACRE,-8.169,-70.351,1
2019,2,AMAZONAS,-0.087011111,-66.3913,90
2019,2,MARANHAO,-4.640222222,-47.29933333,9
2019,2,MATO GROSSO,-12.07083209,-54.87898881,536
2019,2,PARA,-5.5451625,-51.4375,80
2019,2,RONDONIA,-11.57595455,-62.27922727,22
2019,2,RORAIMA,2.576106518,-60.83925596,629
2019,2,TOCANTINS,-5.354,-48.491,1
2019,3,ACRE,-9.0575,-69.108,2
2019,3,AMAZONAS,-1.463763158,-62.36281579,114
2019,3,MARANHAO,-4.806333333,-47.406,3
2019,3,MATO GROSSO,-12.22432713,-55.51989894,752
2019,3,PARA,-5.201282609,-52.79904348,46
2019,3,RONDONIA,-11.61125,-61.92946429,28
2019,3,RORAIMA,2.08906494,-61.04799589,2433
2019,3,TOCANTINS,-7.2422,-48.852,5
2019,4,ACRE,-9.618666667,-70.09966667,6
2019,4,AMAZONAS,-4.082,-63.5458,10
2019,4,MARANHAO,-4.2465,-46.5745,2
2019,4,MATO GROSSO,-12.37746804,-55.2132866,485
2019,4,PARA,-6.524131579,-51.2815,38
2019,4,RONDONIA,-11.61819231,-62.2585,26
2019,4,RORAIMA,1.643619929,-60.75507231,1134
2019,4,TOCANTINS,-7.161,-48.336,1
2019,5,ACRE,-9.53869697,-69.42827273,33
2019,5,AMAZONAS,-5.144095238,-60.99942857,21
2019,5,MARANHAO,-4.361,-46.423,12
2019,5,MATO GROSSO,-11.85918859,-54.90346434,631
2019,5,PARA,-6.7065125,-50.89855,80
2019,5,RONDONIA,-11.54146,-62.34616,50
2019,5,RORAIMA,2.803380952,-61.1312381,21
2019,5,TOCANTINS,-8.4735,-48.70966667,6
2019,6,ACRE,-9.063266667,-70.56338333,60
2019,6,AMAZONAS,-6.697614035,-62.69757895,57
2019,6,MARANHAO,-4.192291667,-46.458625,24
2019,6,MATO GROSSO,-11.83366533,-55.08283307,1246
2019,6,PARA,-6.224146032,-51.18425714,315
2019,6,RONDONIA,-10.52447647,-62.82526471,170
2019,6,RORAIMA,3.1565,-60.2705,2
2019,6,TOCANTINS,-6.984166667,-48.93816667,6
2019,7,ACRE,-9.526871324,-69.19435294,272
2019,7,AMAPA,1.3595,-51.05025,4
2019,7,AMAZONAS,-7.026755653,-61.31760686,1371
2019,7,MARANHAO,-3.83927907,-46.0987093,86
2019,7,MATO GROSSO,-11.62044304,-55.86239911,1343
2019,7,PARA,-5.872956341,-53.07355856,1443
2019,7,RONDONIA,-9.735907692,-63.31279359,780
2019,7,RORAIMA,3.35425,-60.946,4
2019,7,TOCANTINS,-7.353333333,-48.79786667,15
2019,8,ACRE,-9.149669617,-69.91189446,3051
2019,8,AMAPA,0.826095238,-50.96138095,21
2019,8,AMAZONAS,-7.464091782,-63.17720291,6668
2019,8,MARANHAO,-3.747430052,-45.79653368,193
2019,8,MATO GROSSO,-10.3697195,-58.0376787,5123
2019,8,PARA,-6.48457948,-53.72313628,10185
2019,8,RONDONIA,-9.808554006,-63.33859174,5592
2019,8,RORAIMA,1.4052,-60.8752,5
2019,8,TOCANTINS,-7.555370968,-48.65196774,62
2019,9,ACRE,-9.508820961,-69.63469667,2977
2019,9,AMAPA,1.15226087,-51.06962319,138
2019,9,AMAZONAS,-6.88966193,-64.38937112,3026
2019,9,MARANHAO,-3.634704467,-45.75494158,291
2019,9,MATO GROSSO,-11.21560116,-56.42169448,5165
2019,9,PARA,-5.952494153,-52.24960091,4618
2019,9,RONDONIA,-10.19492563,-63.48866987,3644
2019,9,RORAIMA,2.697,-61.10561538,26
2019,9,TOCANTINS,-7.06245,-48.6437,40
2019,10,ACRE,-10.12855932,-69.03858192,354
2019,10,AMAPA,1.599048148,-51.24185741,540
2019,10,AMAZONAS,-4.828386861,-61.92745803,548
2019,10,MARANHAO,-3.805480836,-45.81127178,861
2019,10,MATO GROSSO,-11.66788932,-56.14197184,1030
2019,10,PARA,-3.741207752,-51.06100749,3870
2019,10,RONDONIA,-10.8792446,-63.14307914,556
2019,10,RORAIMA,2.992169811,-61.22241509,53
2019,10,TOCANTINS,-7.334790698,-48.60316279,43
2019,11,ACRE,-9.472545455,-69.98720455,44
2019,11,AMAPA,1.353345924,-51.2605328,503
2019,11,AMAZONAS,-4.014291449,-60.30814834,573
2019,11,MARANHAO,-3.403659379,-45.76529459,1738
2019,11,MATO GROSSO,-12.23004678,-55.87604094,684
2019,11,PARA,-3.025724763,-51.41942273,7390
2019,11,RONDONIA,-10.55163498,-63.35765399,263
2019,11,RORAIMA,2.997465517,-60.29143103,58
2019,11,TOCANTINS,-6.322090909,-48.44302273,44
2019,12,ACRE,-10.163,-68.068,1
2019,12,AMAPA,0.964258065,-51.07872581,62
2019,12,AMAZONAS,-4.136144737,-60.40236184,152
2019,12,MARANHAO,-3.307291417,-45.83314172,501
2019,12,MATO GROSSO,-12.13838514,-56.0662973,148
2019,12,PARA,-2.976727344,-50.90931641,1280
2019,12,RONDONIA,-10.8092619,-62.89045238,42
2019,12,RORAIMA,2.856666667,-60.43196296,27
2019,12,TOCANTINS,-6.769380952,-48.47566667,21
